"","id","weeknum","value"
"1",1,1,12064
"2",2,1,27729
"3",3,1,26498
"4",4,1,29720
"5",5,1,52758
"6",6,1,114265
"7",7,1,15264
"8",8,1,46320
"9",9,1,37545
"10",10,1,139254
"11",11,1,43706
"12",12,1,20299
"13",13,1,75076
"14",14,1,6198
"15",15,1,5893
"16",16,1,74999
"17",17,1,33503
"18",18,1,19207
"19",19,1,17239
"20",20,1,21196
"21",21,1,31124
"22",22,1,440515
"23",23,1,33253
"24",24,1,212557
"25",25,1,38387
"26",26,1,55934
"27",27,1,17535
"28",28,1,70297
"29",29,1,112666
"30",30,1,4670
"31",31,1,21555
"32",33,1,17422
"33",34,1,8431
"34",35,1,9258
"35",36,1,9132
"36",37,1,7229
"37",39,1,1033421
"38",40,1,45239
"39",41,1,28399
"40",42,1,8062
"41",43,1,26658
"42",44,1,33619
"43",45,1,2143
"44",46,1,10348
"45",47,1,20503
"46",48,1,50218
"47",50,1,88872
"48",52,1,169219
"49",53,1,54498
"50",54,1,32945
"51",55,1,21046
"52",56,1,81197
"53",57,1,6997
"54",58,1,1484455
"55",59,1,77740
"56",60,1,17084341
"57",61,1,347498
"58",62,1,3190
"59",63,1,115090
"60",64,1,252409
"61",65,1,109432
"62",66,1,380330
"63",67,1,104054
"64",68,1,139865
"65",69,1,236365
"66",70,1,31977
"67",71,1,5644
"68",73,1,13774
"69",74,1,1081
"70",75,1,148859
"71",76,1,1156
"72",77,1,7812
"73",78,1,3341
"74",79,1,58723
"75",80,1,4467
"76",82,1,12267
"77",84,1,44648
"78",85,1,6730
"79",86,1,8769
"80",89,1,312786
"81",90,1,5486
"82",91,1,28831
"83",92,1,42274
"84",93,1,2924
"85",94,1,9775
"86",95,1,4627
"87",96,1,13281
"88",97,1,16154
"89",99,1,10394
"90",100,1,6159
"91",101,1,60279
"92",102,1,10338
"93",103,1,24734
"94",104,1,22441
"95",106,1,90413
"96",107,1,8462
"97",108,1,45457
"98",109,1,35389
"99",110,1,81675
"100",113,1,17834
"101",114,1,2028
"102",115,1,41106
"103",116,1,188731
"104",117,1,274503
"105",118,1,79319
"106",119,1,103982
"107",120,1,69974
"108",121,1,132480
"109",122,1,603891
"110",123,1,192087
"111",124,1,167718
"112",125,1,41465
"113",126,1,74528
"114",127,1,753
"115",128,1,575
"116",129,1,304
"117",130,1,371
"118",131,1,1269
"119",132,1,773
"120",133,1,5948
"121",134,1,1194
"122",137,1,2745
"123",138,1,221803
"124",139,1,24115
"125",140,1,92965
"126",141,1,65156
"127",142,1,145006
"128",143,1,379081
"129",144,1,384343
"130",145,1,15724
"131",146,1,62602
"132",147,1,4738
"133",148,1,26115
"134",149,1,28532
"135",150,1,147301
"136",151,1,40356
"137",152,1,2605
"138",153,1,24782
"139",154,1,89367
"140",155,1,33563
"141",156,1,42925
"142",157,1,746
"143",158,1,5803
"144",159,1,32429
"145",160,1,18961
"146",161,1,562
"147",162,1,11682
"148",163,1,2891
"149",164,1,4157
"150",165,1,64816
"151",166,1,15139
"152",167,1,521336
"153",168,1,219838
"154",169,1,93296
"155",170,1,14766
"156",171,1,88900
"157",172,1,304546
"158",173,1,189284
"159",174,1,232847
"160",175,1,97986
"161",176,1,5738
"162",177,1,6094
"163",178,1,51335
"164",179,1,65853
"165",180,1,8777
"166",181,1,19365
"167",182,1,393890
"168",183,1,120745
"169",184,1,66434
"170",185,1,64402
"171",186,1,158560
"172",187,1,149504
"173",188,1,18269
"174",189,1,20624
"175",190,1,375187
"176",191,1,36734
"177",192,1,380512
"178",193,1,125202
"179",194,1,241050
"180",195,1,31731
"181",196,1,103695
"182",197,1,88283
"183",198,1,506004
"184",199,1,3066
"185",200,1,34209
"186",201,1,3844
"187",202,1,2259
"188",203,1,1844
"189",204,1,720
"190",205,1,10985
"191",206,1,735
"192",207,1,12233
"193",208,1,2555
"194",209,1,26843
"195",210,1,2732
"196",211,1,12402
"197",212,1,197585
"198",213,1,7250
"199",214,1,10455
"200",215,1,6341
"201",216,1,22290
"202",217,1,7312
"203",218,1,12177
"204",219,1,12493
"205",220,1,22928
"206",222,1,21736
"207",223,1,29231
"208",224,1,16500
"209",225,1,34780
"210",226,1,5087
"211",227,1,49460
"212",228,1,66705
"213",229,1,30067
"214",230,1,4019
"215",231,1,57175
"216",232,1,60469
"217",233,1,177889
"218",234,1,12826
"219",235,1,98320
"220",236,1,4331
"221",237,1,88427
"222",238,1,3515
"223",240,1,17639
"224",241,1,506
"225",242,1,35130
"226",243,1,8888
"227",244,1,1934
"228",246,1,2805
"229",247,1,11680
"230",248,1,38434
"231",249,1,26245
"232",250,1,302710
"233",251,1,10974
"234",252,1,39598
"235",253,1,55883
"236",254,1,18995
"237",255,1,331169
"238",1,2,11378
"239",2,2,21367
"240",3,2,22725
"241",4,2,24180
"242",5,2,42762
"243",6,2,94294
"244",7,2,12666
"245",8,2,39993
"246",9,2,32487
"247",10,2,90525
"248",11,2,39458
"249",12,2,12763
"250",13,2,51203
"251",14,2,2638
"252",15,2,3724
"253",16,2,51898
"254",17,2,29232
"255",18,2,15866
"256",19,2,13652
"257",20,2,17785
"258",21,2,26686
"259",22,2,415085
"260",23,2,29138
"261",24,2,198966
"262",25,2,35017
"263",26,2,60997
"264",27,2,15708
"265",28,2,75752
"266",29,2,119747
"267",30,2,5117
"268",31,2,19844
"269",33,2,17656
"270",34,2,8011
"271",35,2,9395
"272",36,2,9439
"273",37,2,7174
"274",39,2,1004146
"275",40,2,43151
"276",41,2,25565
"277",42,2,7529
"278",43,2,28050
"279",44,2,28626
"280",45,2,1749
"281",46,2,8228
"282",47,2,21143
"283",48,2,45591
"284",50,2,84454
"285",52,2,154212
"286",53,2,47134
"287",54,2,27438
"288",55,2,16955
"289",56,2,65943
"290",57,2,6838
"291",58,2,1455576
"292",59,2,70247
"293",60,2,15779558
"294",61,2,310232
"295",62,2,3011
"296",63,2,103784
"297",64,2,212480
"298",65,2,114768
"299",66,2,354967
"300",67,2,85709
"301",68,2,128501
"302",69,2,210139
"303",70,2,31739
"304",71,2,6305
"305",73,2,17061
"306",74,2,1390
"307",75,2,172869
"308",76,2,1480
"309",77,2,8212
"310",78,2,3756
"311",79,2,71931
"312",80,2,6197
"313",82,2,16390
"314",84,2,55386
"315",85,2,8880
"316",86,2,10307
"317",89,2,305433
"318",90,2,7339
"319",91,2,32624
"320",92,2,48480
"321",93,2,2801
"322",94,2,8681
"323",95,2,5189
"324",96,2,15482
"325",97,2,20226
"326",99,2,8022
"327",100,2,4946
"328",101,2,45448
"329",102,2,7435
"330",103,2,26491
"331",104,2,18037
"332",106,2,34951
"333",107,2,8942
"334",108,2,55659
"335",109,2,9334
"336",110,2,93215
"337",113,2,19167
"338",114,2,2525
"339",115,2,37899
"340",116,2,172865
"341",117,2,287794
"342",118,2,72703
"343",119,2,104285
"344",120,2,55915
"345",121,2,131844
"346",122,2,612878
"347",123,2,193704
"348",124,2,185068
"349",125,2,37165
"350",126,2,70696
"351",127,2,1090
"352",128,2,900
"353",129,2,240
"354",130,2,492
"355",131,2,1397
"356",132,2,1160
"357",133,2,6125
"358",134,2,1668
"359",137,2,2930
"360",138,2,219686
"361",139,2,25699
"362",140,2,91206
"363",141,2,63747
"364",142,2,131363
"365",143,2,349976
"366",144,2,396953
"367",145,2,14354
"368",146,2,68871
"369",147,2,4379
"370",148,2,25446
"371",149,2,29824
"372",150,2,154436
"373",151,2,42909
"374",152,2,2978
"375",153,2,25033
"376",154,2,98903
"377",155,2,35720
"378",156,2,48186
"379",157,2,846
"380",158,2,7235
"381",159,2,37442
"382",160,2,26748
"383",161,2,804
"384",162,2,14225
"385",163,2,3427
"386",164,2,4784
"387",165,2,81807
"388",166,2,17471
"389",167,2,488822
"390",168,2,213183
"391",169,2,78372
"392",170,2,10069
"393",171,2,74866
"394",172,2,250810
"395",173,2,155467
"396",174,2,219703
"397",175,2,92804
"398",176,2,4717
"399",177,2,5522
"400",178,2,47536
"401",179,2,63844
"402",180,2,8047
"403",181,2,14587
"404",182,2,375100
"405",183,2,115904
"406",184,2,61018
"407",185,2,58195
"408",186,2,139842
"409",187,2,144741
"410",188,2,18224
"411",189,2,17477
"412",190,2,348493
"413",191,2,33567
"414",192,2,334155
"415",193,2,105620
"416",194,2,217707
"417",195,2,32104
"418",196,2,92601
"419",197,2,79063
"420",198,2,425269
"421",199,2,3505
"422",200,2,33257
"423",201,2,3412
"424",202,2,2371
"425",203,2,2001
"426",204,2,1006
"427",205,2,9605
"428",206,2,1422
"429",207,2,11966
"430",208,2,3207
"431",209,2,31077
"432",210,2,2616
"433",211,2,13167
"434",212,2,190909
"435",213,2,6917
"436",214,2,10240
"437",215,2,5677
"438",216,2,19816
"439",217,2,6560
"440",218,2,11123
"441",219,2,11568
"442",220,2,20805
"443",222,2,9878
"444",223,2,29824
"445",224,2,15761
"446",225,2,29828
"447",226,2,4674
"448",227,2,47109
"449",228,2,55393
"450",229,2,31307
"451",230,2,4014
"452",231,2,44036
"453",232,2,53584
"454",233,2,139718
"455",234,2,9118
"456",235,2,84276
"457",236,2,5502
"458",237,2,101952
"459",238,2,3560
"460",240,2,19747
"461",241,2,890
"462",242,2,34645
"463",243,2,10219
"464",244,2,2103
"465",246,2,2490
"466",247,2,14176
"467",248,2,45232
"468",249,2,26967
"469",250,2,273083
"470",251,2,10374
"471",252,2,37759
"472",253,2,52431
"473",254,2,20658
"474",255,2,285128
"475",1,3,10252
"476",2,3,20790
"477",3,3,21592
"478",4,3,22980
"479",5,3,43638
"480",6,3,91450
"481",7,3,12112
"482",8,3,41119
"483",9,3,31773
"484",10,3,127030
"485",11,3,34383
"486",12,3,15842
"487",13,3,60067
"488",14,3,3793
"489",15,3,6023
"490",16,3,58418
"491",17,3,28242
"492",18,3,16211
"493",19,3,11146
"494",20,3,17583
"495",21,3,25735
"496",22,3,398754
"497",23,3,27085
"498",24,3,188026
"499",25,3,35354
"500",26,3,84491
"501",27,3,14678
"502",28,3,105860
"503",29,3,118379
"504",30,3,4854
"505",31,3,18444
"506",33,3,17485
"507",34,3,7165
"508",35,3,9166
"509",36,3,9794
"510",37,3,8222
"511",39,3,963015
"512",40,3,43844
"513",41,3,25351
"514",42,3,7621
"515",43,3,29352
"516",44,3,28716
"517",45,3,1958
"518",46,3,7694
"519",47,3,20703
"520",48,3,45844
"521",50,3,84212
"522",52,3,150929
"523",53,3,42580
"524",54,3,26332
"525",55,3,16909
"526",56,3,61524
"527",57,3,6324
"528",58,3,1387748
"529",59,3,66061
"530",60,3,15727603
"531",61,3,306181
"532",62,3,2906
"533",63,3,100555
"534",64,3,211002
"535",65,3,127619
"536",66,3,370840
"537",67,3,83964
"538",68,3,123480
"539",69,3,206240
"540",70,3,24955
"541",71,3,9174
"542",73,3,25737
"543",74,3,1871
"544",75,3,245049
"545",76,3,2039
"546",77,3,11905
"547",78,3,5173
"548",79,3,108424
"549",80,3,11060
"550",82,3,22435
"551",84,3,79831
"552",85,3,12571
"553",86,3,15087
"554",89,3,305700
"555",90,3,8334
"556",91,3,35045
"557",92,3,1703
"558",93,3,4527
"559",94,3,7294
"560",95,3,5367
"561",96,3,17312
"562",97,3,20892
"563",99,3,0
"564",100,3,4739
"565",101,3,9620
"566",102,3,0
"567",103,3,13904
"568",104,3,5055
"569",106,3,4917
"570",107,3,9790
"571",108,3,53606
"572",109,3,0
"573",110,3,55034
"574",113,3,28842
"575",114,3,3829
"576",115,3,59393
"577",116,3,272334
"578",117,3,426486
"579",118,3,115660
"580",119,3,149301
"581",120,3,100524
"582",121,3,183368
"583",122,3,847986
"584",123,3,276341
"585",124,3,254475
"586",125,3,59087
"587",126,3,105501
"588",127,3,1812
"589",128,3,1446
"590",129,3,383
"591",130,3,723
"592",131,3,1665
"593",132,3,1742
"594",133,3,7873
"595",134,3,2456
"596",137,3,3681
"597",138,3,303973
"598",139,3,38931
"599",140,3,132997
"600",141,3,67628
"601",142,3,122835
"602",143,3,339543
"603",144,3,535702
"604",145,3,20034
"605",146,3,101447
"606",147,3,7035
"607",148,3,36107
"608",149,3,41204
"609",150,3,218658
"610",151,3,63005
"611",152,3,4088
"612",153,3,36879
"613",154,3,142894
"614",155,3,54743
"615",156,3,67894
"616",157,3,1389
"617",158,3,10464
"618",159,3,46543
"619",160,3,41364
"620",161,3,1077
"621",162,3,19376
"622",163,3,2164
"623",164,3,6801
"624",165,3,115296
"625",166,3,26202
"626",167,3,473632
"627",168,3,213873
"628",169,3,77289
"629",170,3,11009
"630",171,3,72272
"631",172,3,249278
"632",173,3,148505
"633",174,3,216005
"634",175,3,93958
"635",176,3,3650
"636",177,3,5661
"637",178,3,51633
"638",179,3,64036
"639",180,3,8194
"640",181,3,14165
"641",182,3,369238
"642",183,3,115098
"643",184,3,60711
"644",185,3,91048
"645",186,3,135736
"646",187,3,140266
"647",188,3,21589
"648",189,3,17664
"649",190,3,338601
"650",191,3,32474
"651",192,3,318999
"652",193,3,108356
"653",194,3,208287
"654",195,3,29040
"655",196,3,91529
"656",197,3,76585
"657",198,3,419934
"658",199,3,5025
"659",200,3,51952
"660",201,3,6054
"661",202,3,3833
"662",203,3,3144
"663",204,3,3214
"664",205,3,12961
"665",206,3,2036
"666",207,3,17612
"667",208,3,4196
"668",209,3,36378
"669",210,3,2646
"670",211,3,19156
"671",212,3,189115
"672",213,3,7341
"673",214,3,10777
"674",215,3,6381
"675",216,3,20073
"676",217,3,6687
"677",218,3,11284
"678",219,3,11213
"679",220,3,21104
"680",222,3,16969
"681",223,3,28242
"682",224,3,14845
"683",225,3,27394
"684",226,3,4622
"685",227,3,42473
"686",228,3,55669
"687",229,3,47152
"688",230,3,5379
"689",231,3,40667
"690",232,3,60246
"691",233,3,147132
"692",234,3,10875
"693",235,3,85173
"694",236,3,7555
"695",237,3,141574
"696",238,3,5054
"697",240,3,26608
"698",241,3,1672
"699",242,3,50610
"700",243,3,14744
"701",244,3,3988
"702",246,3,3262
"703",247,3,20030
"704",248,3,67482
"705",249,3,25280
"706",250,3,258009
"707",251,3,9725
"708",252,3,38593
"709",253,3,53219
"710",254,3,30352
"711",255,3,270763
"712",1,4,10622
"713",2,4,21349
"714",3,4,21510
"715",4,4,24367
"716",5,4,40319
"717",6,4,95977
"718",7,4,13209
"719",8,4,45017
"720",9,4,31121
"721",10,4,114158
"722",11,4,33812
"723",12,4,15976
"724",13,4,61081
"725",14,4,4002
"726",15,4,5273
"727",16,4,59219
"728",17,4,29691
"729",18,4,16404
"730",19,4,10973
"731",20,4,17806
"732",21,4,26082
"733",22,4,405558
"734",23,4,27275
"735",24,4,193724
"736",25,4,34948
"737",26,4,115165
"738",27,4,14545
"739",28,4,138152
"740",29,4,115412
"741",30,4,4822
"742",31,4,18992
"743",33,4,16879
"744",34,4,6384
"745",35,4,9739
"746",36,4,9882
"747",37,4,7176
"748",39,4,954598
"749",40,4,43462
"750",41,4,28208
"751",42,4,6930
"752",43,4,28872
"753",44,4,30124
"754",45,4,2212
"755",46,4,9169
"756",47,4,21496
"757",48,4,48096
"758",50,4,83514
"759",52,4,147919
"760",53,4,43990
"761",54,4,27455
"762",55,4,15600
"763",56,4,59605
"764",57,4,6828
"765",58,4,1401912
"766",59,4,68843
"767",60,4,15708348
"768",61,4,305556
"769",62,4,3469
"770",63,4,107273
"771",64,4,211335
"772",65,4,131671
"773",66,4,380833
"774",67,4,83241
"775",68,4,129928
"776",69,4,184551
"777",70,4,27864
"778",71,4,9224
"779",73,4,34200
"780",74,4,2535
"781",75,4,318774
"782",76,4,2881
"783",77,4,15318
"784",78,4,6696
"785",79,4,136062
"786",80,4,12796
"787",82,4,28792
"788",84,4,109768
"789",85,4,17608
"790",86,4,19840
"791",89,4,297810
"792",90,4,7571
"793",91,4,36439
"794",92,4,2
"795",93,4,6440
"796",94,4,7094
"797",95,4,4809
"798",96,4,15838
"799",97,4,24298
"800",99,4,0
"801",100,4,5045
"802",101,4,10097
"803",102,4,0
"804",103,4,13944
"805",104,4,7745
"806",106,4,4608
"807",107,4,8867
"808",108,4,51913
"809",109,4,0
"810",110,4,49197
"811",113,4,35148
"812",114,4,5956
"813",115,4,77477
"814",116,4,346970
"815",117,4,553031
"816",118,4,157031
"817",119,4,191669
"818",120,4,137432
"819",121,4,236674
"820",122,4,1103965
"821",123,4,371235
"822",124,4,301601
"823",125,4,79112
"824",126,4,140454
"825",127,4,2272
"826",128,4,2120
"827",129,4,536
"828",130,4,880
"829",131,4,2707
"830",132,4,2684
"831",133,4,12963
"832",134,4,4177
"833",137,4,6448
"834",138,4,376807
"835",139,4,49593
"836",140,4,175713
"837",141,4,71298
"838",142,4,123210
"839",143,4,333313
"840",144,4,706190
"841",145,4,28303
"842",146,4,136606
"843",147,4,9524
"844",148,4,47639
"845",149,4,50898
"846",150,4,283036
"847",151,4,84899
"848",152,4,4948
"849",153,4,46412
"850",154,4,199116
"851",155,4,75394
"852",156,4,95614
"853",157,4,1897
"854",158,4,15462
"855",159,4,69740
"856",160,4,56537
"857",161,4,1470
"858",162,4,29014
"859",163,4,5854
"860",164,4,9881
"861",165,4,145811
"862",166,4,37612
"863",167,4,470771
"864",168,4,214558
"865",169,4,77045
"866",170,4,12171
"867",171,4,73622
"868",172,4,240944
"869",173,4,142887
"870",174,4,210270
"871",175,4,85232
"872",176,4,5417
"873",177,4,5915
"874",178,4,49809
"875",179,4,63500
"876",180,4,8680
"877",181,4,14440
"878",182,4,374647
"879",183,4,119235
"880",184,4,64676
"881",185,4,115807
"882",186,4,139745
"883",187,4,135851
"884",188,4,23367
"885",189,4,20673
"886",190,4,335733
"887",191,4,32667
"888",192,4,317468
"889",193,4,103260
"890",194,4,199616
"891",195,4,29944
"892",196,4,95446
"893",197,4,78552
"894",198,4,407763
"895",199,4,6168
"896",200,4,70297
"897",201,4,7887
"898",202,4,5075
"899",203,4,4571
"900",204,4,4658
"901",205,4,17179
"902",206,4,2254
"903",207,4,23195
"904",208,4,5891
"905",209,4,40851
"906",210,4,4559
"907",211,4,26054
"908",212,4,185884
"909",213,4,7449
"910",214,4,11016
"911",215,4,6370
"912",216,4,19284
"913",217,4,6695
"914",218,4,10308
"915",219,4,11929
"916",220,4,19863
"917",222,4,14662
"918",223,4,25471
"919",224,4,15461
"920",225,4,29214
"921",226,4,4609
"922",227,4,43215
"923",228,4,57927
"924",229,4,66086
"925",230,4,8316
"926",231,4,42800
"927",232,4,54661
"928",233,4,150527
"929",234,4,11552
"930",235,4,82047
"931",236,4,10773
"932",237,4,191478
"933",238,4,6932
"934",240,4,36608
"935",241,4,1743
"936",242,4,70504
"937",243,4,20594
"938",244,4,5241
"939",246,4,2805
"940",247,4,28456
"941",248,4,89546
"942",249,4,26085
"943",250,4,255603
"944",251,4,8958
"945",252,4,38209
"946",253,4,53781
"947",254,4,40587
"948",255,4,273232
"949",1,5,10860
"950",2,5,20024
"951",3,5,20947
"952",4,5,24143
"953",5,5,39802
"954",6,5,95237
"955",7,5,12874
"956",8,5,39653
"957",9,5,30994
"958",10,5,131310
"959",11,5,38439
"960",12,5,20582
"961",13,5,68236
"962",14,5,5238
"963",15,5,5311
"964",16,5,64751
"965",17,5,25745
"966",18,5,15476
"967",19,5,10716
"968",20,5,18637
"969",21,5,28396
"970",22,5,432775
"971",23,5,25298
"972",24,5,183662
"973",25,5,32975
"974",26,5,133794
"975",27,5,14392
"976",28,5,176898
"977",29,5,118358
"978",30,5,4581
"979",31,5,19223
"980",33,5,18038
"981",34,5,6232
"982",35,5,10094
"983",36,5,8671
"984",37,5,6734
"985",39,5,1029990
"986",40,5,47696
"987",41,5,24946
"988",42,5,8544
"989",43,5,30200
"990",44,5,30533
"991",45,5,2298
"992",46,5,9664
"993",47,5,19271
"994",48,5,43247
"995",50,5,92221
"996",52,5,154606
"997",53,5,42820
"998",54,5,26873
"999",55,5,16912
"1000",56,5,62514
"1001",57,5,6906
"1002",58,5,1507200
"1003",59,5,77602
"1004",60,5,16618867
"1005",61,5,316059
"1006",62,5,3581
"1007",63,5,110041
"1008",64,5,216166
"1009",65,5,57572
"1010",66,5,182743
"1011",67,5,86236
"1012",68,5,60109
"1013",69,5,231575
"1014",70,5,29941
"1015",71,5,15082
"1016",73,5,38495
"1017",74,5,2712
"1018",75,5,391565
"1019",76,5,3625
"1020",77,5,19353
"1021",78,5,8306
"1022",79,5,154810
"1023",80,5,17230
"1024",82,5,33413
"1025",84,5,114463
"1026",85,5,20149
"1027",86,5,22515
"1028",89,5,304641
"1029",90,5,8034
"1030",91,5,34805
"1031",92,5,1
"1032",93,5,6531
"1033",94,5,7886
"1034",95,5,5315
"1035",96,5,16675
"1036",97,5,27348
"1037",99,5,0
"1038",100,5,6223
"1039",101,5,10114
"1040",102,5,0
"1041",103,5,15028
"1042",104,5,7788
"1043",106,5,4902
"1044",107,5,13671
"1045",108,5,52075
"1046",109,5,0
"1047",110,5,47290
"1048",113,5,49816
"1049",114,5,7158
"1050",115,5,87978
"1051",116,5,397727
"1052",117,5,638645
"1053",118,5,171798
"1054",119,5,228322
"1055",120,5,154265
"1056",121,5,285509
"1057",122,5,1300763
"1058",123,5,414572
"1059",124,5,334264
"1060",125,5,88906
"1061",126,5,153113
"1062",127,5,4493
"1063",128,5,2685
"1064",129,5,994
"1065",130,5,2133
"1066",131,5,4924
"1067",132,5,3494
"1068",133,5,16791
"1069",134,5,8563
"1070",137,5,8865
"1071",138,5,472711
"1072",139,5,63989
"1073",140,5,203420
"1074",141,5,78678
"1075",142,5,111061
"1076",143,5,317602
"1077",144,5,869241
"1078",145,5,31038
"1079",146,5,153789
"1080",147,5,10930
"1081",148,5,55338
"1082",149,5,58551
"1083",150,5,334130
"1084",151,5,94213
"1085",152,5,6553
"1086",153,5,47630
"1087",154,5,234109
"1088",155,5,79716
"1089",156,5,102598
"1090",157,5,2500
"1091",158,5,16082
"1092",159,5,74735
"1093",160,5,66057
"1094",161,5,1876
"1095",162,5,36772
"1096",163,5,7240
"1097",164,5,11494
"1098",165,5,175507
"1099",166,5,40364
"1100",167,5,519562
"1101",168,5,221473
"1102",169,5,78952
"1103",170,5,12786
"1104",171,5,68570
"1105",172,5,244905
"1106",173,5,151251
"1107",174,5,221421
"1108",175,5,93504
"1109",176,5,4762
"1110",177,5,5838
"1111",178,5,54310
"1112",179,5,61186
"1113",180,5,8101
"1114",181,5,13895
"1115",182,5,412144
"1116",183,5,66498
"1117",184,5,31990
"1118",185,5,124674
"1119",186,5,140049
"1120",187,5,142323
"1121",188,5,18333
"1122",189,5,18192
"1123",190,5,382192
"1124",191,5,37149
"1125",192,5,358558
"1126",193,5,101777
"1127",194,5,212765
"1128",195,5,29140
"1129",196,5,104949
"1130",197,5,89577
"1131",198,5,468853
"1132",199,5,8118
"1133",200,5,81847
"1134",201,5,8823
"1135",202,5,4652
"1136",203,5,4467
"1137",204,5,5040
"1138",205,5,20630
"1139",206,5,2497
"1140",207,5,25989
"1141",208,5,6973
"1142",209,5,41373
"1143",210,5,5397
"1144",211,5,28486
"1145",212,5,202984
"1146",213,5,6989
"1147",214,5,10952
"1148",215,5,7155
"1149",216,5,19408
"1150",217,5,5726
"1151",218,5,14027
"1152",219,5,11729
"1153",220,5,21918
"1154",222,5,14275
"1155",223,5,26853
"1156",224,5,13749
"1157",225,5,29637
"1158",226,5,3966
"1159",227,5,44929
"1160",228,5,62189
"1161",229,5,75755
"1162",230,5,9089
"1163",231,5,52598
"1164",232,5,58242
"1165",233,5,153464
"1166",234,5,11811
"1167",235,5,83452
"1168",236,5,11691
"1169",237,5,233592
"1170",238,5,8787
"1171",240,5,44494
"1172",241,5,3383
"1173",242,5,87236
"1174",243,5,23649
"1175",244,5,5809
"1176",246,5,2655
"1177",247,5,30189
"1178",248,5,108999
"1179",249,5,26463
"1180",250,5,280006
"1181",251,5,9724
"1182",252,5,42496
"1183",253,5,59290
"1184",254,5,45195
"1185",255,5,287550
"1186",1,6,10228
"1187",2,6,19820
"1188",3,6,25041
"1189",4,6,23701
"1190",5,6,40479
"1191",6,6,95132
"1192",7,6,12660
"1193",8,6,37524
"1194",9,6,31513
"1195",10,6,138483
"1196",11,6,38406
"1197",12,6,21225
"1198",13,6,60540
"1199",14,6,5993
"1200",15,6,4959
"1201",16,6,65621
"1202",17,6,24510
"1203",18,6,12159
"1204",19,6,12806
"1205",20,6,17331
"1206",21,6,27529
"1207",22,6,451297
"1208",23,6,25148
"1209",24,6,178351
"1210",25,6,32781
"1211",26,6,124733
"1212",27,6,13572
"1213",28,6,165899
"1214",29,6,111411
"1215",30,6,4859
"1216",31,6,18441
"1217",33,6,18299
"1218",34,6,6678
"1219",35,6,9620
"1220",36,6,10307
"1221",37,6,7845
"1222",39,6,1039560
"1223",40,6,43961
"1224",41,6,27918
"1225",42,6,8416
"1226",43,6,31358
"1227",44,6,28906
"1228",45,6,2438
"1229",46,6,10432
"1230",47,6,20570
"1231",48,6,40362
"1232",50,6,87532
"1233",52,6,153323
"1234",53,6,45305
"1235",54,6,29799
"1236",55,6,20384
"1237",56,6,63976
"1238",57,6,6104
"1239",58,6,1561800
"1240",59,6,73749
"1241",60,6,16506405
"1242",61,6,323512
"1243",62,6,4983
"1244",63,6,85380
"1245",64,6,219087
"1246",65,6,0
"1247",66,6,10857
"1248",67,6,86369
"1249",68,6,6650
"1250",69,6,155420
"1251",70,6,18131
"1252",71,6,13811
"1253",73,6,35832
"1254",74,6,3440
"1255",75,6,378732
"1256",76,6,3850
"1257",77,6,18259
"1258",78,6,7960
"1259",79,6,151104
"1260",80,6,13786
"1261",82,6,31226
"1262",84,6,92368
"1263",85,6,19418
"1264",86,6,18746
"1265",89,6,289566
"1266",90,6,7511
"1267",91,6,30898
"1268",92,6,1
"1269",93,6,5842
"1270",94,6,6918
"1271",95,6,5377
"1272",96,6,16912
"1273",97,6,27203
"1274",99,6,0
"1275",100,6,5677
"1276",101,6,10263
"1277",102,6,0
"1278",103,6,16795
"1279",104,6,7308
"1280",106,6,4246
"1281",107,6,14302
"1282",108,6,46306
"1283",109,6,0
"1284",110,6,43735
"1285",113,6,43850
"1286",114,6,7436
"1287",115,6,75387
"1288",116,6,375681
"1289",117,6,612089
"1290",118,6,151042
"1291",119,6,232067
"1292",120,6,146364
"1293",121,6,273248
"1294",122,6,1238033
"1295",123,6,378600
"1296",124,6,325445
"1297",125,6,83750
"1298",126,6,141206
"1299",127,6,2600
"1300",128,6,1733
"1301",129,6,896
"1302",130,6,2432
"1303",131,6,3741
"1304",132,6,1480
"1305",133,6,7750
"1306",134,6,3166
"1307",137,6,8050
"1308",138,6,443968
"1309",139,6,62735
"1310",140,6,187020
"1311",141,6,73649
"1312",142,6,110989
"1313",143,6,319608
"1314",144,6,829012
"1315",145,6,29547
"1316",146,6,139753
"1317",147,6,10664
"1318",148,6,49411
"1319",149,6,52862
"1320",150,6,317712
"1321",151,6,96793
"1322",152,6,5461
"1323",153,6,44526
"1324",154,6,211735
"1325",155,6,72339
"1326",156,6,96067
"1327",157,6,1922
"1328",158,6,14368
"1329",159,6,77256
"1330",160,6,57516
"1331",161,6,1463
"1332",162,6,34367
"1333",163,6,7992
"1334",164,6,10465
"1335",165,6,167140
"1336",166,6,37432
"1337",167,6,518282
"1338",168,6,227671
"1339",169,6,79539
"1340",170,6,12715
"1341",171,6,62528
"1342",172,6,252868
"1343",173,6,149054
"1344",174,6,228683
"1345",175,6,91026
"1346",176,6,5392
"1347",177,6,5608
"1348",178,6,50763
"1349",179,6,63523
"1350",180,6,7118
"1351",181,6,14334
"1352",182,6,291917
"1353",183,6,17127
"1354",184,6,0
"1355",185,6,107297
"1356",186,6,138817
"1357",187,6,106618
"1358",188,6,12726
"1359",189,6,13035
"1360",190,6,300216
"1361",191,6,27917
"1362",192,6,281169
"1363",193,6,107095
"1364",194,6,176726
"1365",195,6,22599
"1366",196,6,86106
"1367",197,6,66400
"1368",198,6,389253
"1369",199,6,8905
"1370",200,6,77827
"1371",201,6,8647
"1372",202,6,4842
"1373",203,6,5344
"1374",204,6,5049
"1375",205,6,17922
"1376",206,6,2760
"1377",207,6,25590
"1378",208,6,6381
"1379",209,6,44107
"1380",210,6,5625
"1381",211,6,28521
"1382",212,6,201390
"1383",213,6,7351
"1384",214,6,11483
"1385",215,6,8631
"1386",216,6,21264
"1387",217,6,6687
"1388",218,6,15390
"1389",219,6,11892
"1390",220,6,22621
"1391",222,6,14529
"1392",223,6,25956
"1393",224,6,14976
"1394",225,6,29285
"1395",226,6,5064
"1396",227,6,47817
"1397",228,6,64707
"1398",229,6,81881
"1399",230,6,8046
"1400",231,6,37627
"1401",232,6,60749
"1402",233,6,150741
"1403",234,6,10662
"1404",235,6,81851
"1405",236,6,11850
"1406",237,6,220092
"1407",238,6,4418
"1408",240,6,27799
"1409",241,6,3319
"1410",242,6,88818
"1411",243,6,23715
"1412",244,6,5565
"1413",246,6,2259
"1414",247,6,27982
"1415",248,6,95861
"1416",249,6,26640
"1417",250,6,278094
"1418",251,6,6456
"1419",252,6,39344
"1420",253,6,59885
"1421",254,6,45491
"1422",255,6,292583
"1423",1,7,8191
"1424",2,7,15193
"1425",3,7,18503
"1426",4,7,19433
"1427",5,7,31582
"1428",6,7,76471
"1429",7,7,10922
"1430",8,7,28459
"1431",9,7,23351
"1432",10,7,109840
"1433",11,7,30526
"1434",12,7,14345
"1435",13,7,51756
"1436",14,7,3831
"1437",15,7,4491
"1438",16,7,49785
"1439",17,7,20887
"1440",18,7,11188
"1441",19,7,9377
"1442",20,7,13938
"1443",21,7,23209
"1444",22,7,368044
"1445",23,7,18926
"1446",24,7,149395
"1447",25,7,26632
"1448",26,7,96574
"1449",27,7,11122
"1450",28,7,131328
"1451",29,7,98897
"1452",30,7,4821
"1453",31,7,16555
"1454",33,7,14934
"1455",34,7,5306
"1456",35,7,8216
"1457",36,7,12117
"1458",37,7,7299
"1459",39,7,861339
"1460",40,7,36773
"1461",41,7,21292
"1462",42,7,7792
"1463",43,7,25037
"1464",44,7,24875
"1465",45,7,1418
"1466",46,7,8380
"1467",47,7,13567
"1468",48,7,34946
"1469",50,7,69408
"1470",52,7,126408
"1471",53,7,33018
"1472",54,7,23822
"1473",55,7,13224
"1474",56,7,50751
"1475",57,7,4902
"1476",58,7,1310544
"1477",59,7,62872
"1478",60,7,12637917
"1479",61,7,275781
"1480",62,7,2757
"1481",63,7,75419
"1482",64,7,182587
"1483",65,7,1
"1484",66,7,9217
"1485",67,7,67623
"1486",68,7,9010
"1487",69,7,205886
"1488",70,7,23571
"1489",71,7,10985
"1490",73,7,28461
"1491",74,7,2087
"1492",75,7,287886
"1493",76,7,3103
"1494",77,7,14243
"1495",78,7,6618
"1496",79,7,121114
"1497",80,7,11005
"1498",82,7,23303
"1499",84,7,61368
"1500",85,7,14665
"1501",86,7,15633
"1502",89,7,249690
"1503",90,7,6688
"1504",91,7,26461
"1505",92,7,1
"1506",93,7,5357
"1507",94,7,5690
"1508",95,7,4730
"1509",96,7,13364
"1510",97,7,21457
"1511",99,7,0
"1512",100,7,4091
"1513",101,7,7787
"1514",102,7,0
"1515",103,7,12773
"1516",104,7,5168
"1517",106,7,3789
"1518",107,7,9389
"1519",108,7,44906
"1520",109,7,0
"1521",110,7,37892
"1522",113,7,43413
"1523",114,7,5184
"1524",115,7,58017
"1525",116,7,296254
"1526",117,7,469389
"1527",118,7,114861
"1528",119,7,173495
"1529",120,7,113749
"1530",121,7,206134
"1531",122,7,950022
"1532",123,7,288029
"1533",124,7,254800
"1534",125,7,63490
"1535",126,7,112619
"1536",127,7,3201
"1537",128,7,1592
"1538",129,7,578
"1539",130,7,1341
"1540",131,7,3418
"1541",132,7,2100
"1542",133,7,13013
"1543",134,7,4230
"1544",137,7,5213
"1545",138,7,344869
"1546",139,7,44902
"1547",140,7,136893
"1548",141,7,56960
"1549",142,7,89381
"1550",143,7,261559
"1551",144,7,624131
"1552",145,7,23769
"1553",146,7,109857
"1554",147,7,8709
"1555",148,7,38867
"1556",149,7,42725
"1557",150,7,245777
"1558",151,7,70339
"1559",152,7,3927
"1560",153,7,27365
"1561",154,7,164173
"1562",155,7,58862
"1563",156,7,77122
"1564",157,7,1697
"1565",158,7,11437
"1566",159,7,61619
"1567",160,7,45842
"1568",161,7,928
"1569",162,7,28835
"1570",163,7,6267
"1571",164,7,8945
"1572",165,7,127728
"1573",166,7,28240
"1574",167,7,430937
"1575",168,7,186282
"1576",169,7,60109
"1577",170,7,9397
"1578",171,7,51917
"1579",172,7,214089
"1580",173,7,124274
"1581",174,7,188440
"1582",175,7,82015
"1583",176,7,4617
"1584",177,7,3976
"1585",178,7,44050
"1586",179,7,55208
"1587",180,7,7051
"1588",181,7,12127
"1589",182,7,352763
"1590",183,7,20549
"1591",184,7,0
"1592",185,7,93260
"1593",186,7,109976
"1594",187,7,125091
"1595",188,7,13902
"1596",189,7,15836
"1597",190,7,289340
"1598",191,7,28655
"1599",192,7,265346
"1600",193,7,90367
"1601",194,7,168513
"1602",195,7,18291
"1603",196,7,79458
"1604",197,7,67051
"1605",198,7,378708
"1606",199,7,5885
"1607",200,7,59716
"1608",201,7,7552
"1609",202,7,4463
"1610",203,7,1270
"1611",204,7,4185
"1612",205,7,17432
"1613",206,7,1912
"1614",207,7,21123
"1615",208,7,4796
"1616",209,7,37147
"1617",210,7,4826
"1618",211,7,20653
"1619",212,7,165014
"1620",213,7,5856
"1621",214,7,9114
"1622",215,7,6370
"1623",216,7,17382
"1624",217,7,5380
"1625",218,7,11723
"1626",219,7,9637
"1627",220,7,17899
"1628",222,7,11782
"1629",223,7,21362
"1630",224,7,12235
"1631",225,7,21478
"1632",226,7,4124
"1633",227,7,39060
"1634",228,7,51953
"1635",229,7,70783
"1636",230,7,6584
"1637",231,7,36371
"1638",232,7,50297
"1639",233,7,139757
"1640",234,7,8504
"1641",235,7,63983
"1642",236,7,8318
"1643",237,7,163290
"1644",238,7,7714
"1645",240,7,38770
"1646",241,7,1991
"1647",242,7,70998
"1648",243,7,18786
"1649",244,7,4304
"1650",246,7,2988
"1651",247,7,20477
"1652",248,7,86458
"1653",249,7,21748
"1654",250,7,232246
"1655",251,7,8808
"1656",252,7,31404
"1657",253,7,48553
"1658",254,7,37040
"1659",255,7,241285
"1660",1,8,6376
"1661",2,8,19274
"1662",3,8,21350
"1663",4,8,23618
"1664",5,8,39225
"1665",6,8,96088
"1666",7,8,14114
"1667",8,8,37109
"1668",9,8,32514
"1669",10,8,124020
"1670",11,8,33940
"1671",12,8,18647
"1672",13,8,61271
"1673",14,8,4844
"1674",15,8,5749
"1675",16,8,52748
"1676",17,8,25971
"1677",18,8,14393
"1678",19,8,10851
"1679",20,8,18376
"1680",21,8,26371
"1681",22,8,438749
"1682",23,8,23956
"1683",24,8,179577
"1684",25,8,29387
"1685",26,8,128845
"1686",27,8,13488
"1687",28,8,160436
"1688",29,8,119427
"1689",30,8,5146
"1690",31,8,21562
"1691",33,8,17547
"1692",34,8,6487
"1693",35,8,11112
"1694",36,8,13720
"1695",37,8,8074
"1696",39,8,1047483
"1697",40,8,47034
"1698",41,8,25670
"1699",42,8,7924
"1700",43,8,27803
"1701",44,8,28461
"1702",45,8,1905
"1703",46,8,8876
"1704",47,8,21786
"1705",48,8,37753
"1706",50,8,82189
"1707",52,8,142166
"1708",53,8,34115
"1709",54,8,26586
"1710",55,8,15009
"1711",56,8,61475
"1712",57,8,9389
"1713",58,8,1535390
"1714",59,8,77091
"1715",60,8,13541170
"1716",61,8,322191
"1717",62,8,3430
"1718",63,8,96769
"1719",64,8,225236
"1720",65,8,0
"1721",66,8,12552
"1722",67,8,84408
"1723",68,8,10252
"1724",69,8,221106
"1725",70,8,30631
"1726",71,8,14668
"1727",73,8,37049
"1728",74,8,3134
"1729",75,8,360795
"1730",76,8,4531
"1731",77,8,20719
"1732",78,8,8228
"1733",79,8,152794
"1734",80,8,13501
"1735",82,8,29544
"1736",84,8,111856
"1737",85,8,19894
"1738",86,8,19614
"1739",89,8,304005
"1740",90,8,8557
"1741",91,8,41446
"1742",92,8,3
"1743",93,8,6511
"1744",94,8,6942
"1745",95,8,5707
"1746",96,8,18529
"1747",97,8,26677
"1748",99,8,0
"1749",100,8,5153
"1750",101,8,9563
"1751",102,8,0
"1752",103,8,15235
"1753",104,8,5633
"1754",106,8,4953
"1755",107,8,11826
"1756",108,8,55918
"1757",109,8,0
"1758",110,8,51335
"1759",113,8,37876
"1760",114,8,6338
"1761",115,8,71250
"1762",116,8,353421
"1763",117,8,571478
"1764",118,8,145594
"1765",119,8,223148
"1766",120,8,140324
"1767",121,8,261182
"1768",122,8,1173718
"1769",123,8,358783
"1770",124,8,330200
"1771",125,8,80855
"1772",126,8,139911
"1773",127,8,2991
"1774",128,8,2163
"1775",129,8,894
"1776",130,8,1193
"1777",131,8,2772
"1778",132,8,2738
"1779",133,8,14633
"1780",134,8,4468
"1781",137,8,6838
"1782",138,8,425398
"1783",139,8,52114
"1784",140,8,174655
"1785",141,8,66237
"1786",142,8,105368
"1787",143,8,315344
"1788",144,8,770540
"1789",145,8,27127
"1790",146,8,133624
"1791",147,8,10402
"1792",148,8,46264
"1793",149,8,51293
"1794",150,8,317825
"1795",151,8,90410
"1796",152,8,5170
"1797",153,8,29135
"1798",154,8,208332
"1799",155,8,73966
"1800",156,8,94034
"1801",157,8,1915
"1802",158,8,12740
"1803",159,8,80682
"1804",160,8,58464
"1805",161,8,1104
"1806",162,8,35789
"1807",163,8,6844
"1808",164,8,10566
"1809",165,8,159052
"1810",166,8,31703
"1811",167,8,506233
"1812",168,8,224056
"1813",169,8,74108
"1814",170,8,11582
"1815",171,8,61482
"1816",172,8,247866
"1817",173,8,136790
"1818",174,8,224011
"1819",175,8,92379
"1820",176,8,6015
"1821",177,8,6217
"1822",178,8,51001
"1823",179,8,63234
"1824",180,8,7022
"1825",181,8,13221
"1826",182,8,385051
"1827",183,8,24343
"1828",184,8,1
"1829",185,8,115140
"1830",186,8,141659
"1831",187,8,135022
"1832",188,8,15194
"1833",189,8,17479
"1834",190,8,378950
"1835",191,8,37887
"1836",192,8,340720
"1837",193,8,104060
"1838",194,8,219171
"1839",195,8,30906
"1840",196,8,99592
"1841",197,8,86683
"1842",198,8,456304
"1843",199,8,8378
"1844",200,8,80909
"1845",201,8,8660
"1846",202,8,5289
"1847",203,8,4320
"1848",204,8,5059
"1849",205,8,21114
"1850",206,8,3336
"1851",207,8,30104
"1852",208,8,6233
"1853",209,8,48282
"1854",210,8,2990
"1855",211,8,30532
"1856",212,8,194185
"1857",213,8,7532
"1858",214,8,10642
"1859",215,8,7555
"1860",216,8,21216
"1861",217,8,8040
"1862",218,8,14855
"1863",219,8,5675
"1864",220,8,36551
"1865",222,8,10844
"1866",223,8,27625
"1867",224,8,15809
"1868",225,8,27776
"1869",226,8,5187
"1870",227,8,46142
"1871",228,8,66416
"1872",229,8,90253
"1873",230,8,8480
"1874",231,8,47823
"1875",232,8,57646
"1876",233,8,146472
"1877",234,8,11715
"1878",235,8,84908
"1879",236,8,10739
"1880",237,8,203762
"1881",238,8,7884
"1882",240,8,43349
"1883",241,8,2406
"1884",242,8,77215
"1885",243,8,22378
"1886",244,8,5588
"1887",246,8,5600
"1888",247,8,25292
"1889",248,8,115123
"1890",249,8,26167
"1891",250,8,265284
"1892",251,8,10212
"1893",252,8,37810
"1894",253,8,60705
"1895",254,8,42899
"1896",255,8,289994
"1897",1,9,9318
"1898",2,9,21415
"1899",3,9,21348
"1900",4,9,24753
"1901",5,9,40506
"1902",6,9,92415
"1903",7,9,16241
"1904",8,9,39322
"1905",9,9,31666
"1906",10,9,135114
"1907",11,9,42201
"1908",12,9,17726
"1909",13,9,60689
"1910",14,9,5402
"1911",15,9,5504
"1912",16,9,57060
"1913",17,9,23019
"1914",18,9,12505
"1915",19,9,10755
"1916",20,9,18036
"1917",21,9,26613
"1918",22,9,448717
"1919",23,9,24211
"1920",24,9,186379
"1921",25,9,33690
"1922",26,9,126660
"1923",27,9,13216
"1924",28,9,170868
"1925",29,9,123906
"1926",30,9,4928
"1927",31,9,21148
"1928",33,9,19620
"1929",34,9,6808
"1930",35,9,10545
"1931",36,9,12620
"1932",37,9,9159
"1933",39,9,1089388
"1934",40,9,48533
"1935",41,9,26775
"1936",42,9,8996
"1937",43,9,29821
"1938",44,9,32560
"1939",45,9,2801
"1940",46,9,9331
"1941",47,9,22882
"1942",48,9,46909
"1943",50,9,86646
"1944",52,9,161514
"1945",53,9,37122
"1946",54,9,28548
"1947",55,9,17354
"1948",56,9,66188
"1949",57,9,5382
"1950",58,9,1583790
"1951",59,9,72504
"1952",60,9,13182085
"1953",61,9,339613
"1954",62,9,4223
"1955",63,9,104205
"1956",64,9,243952
"1957",65,9,0
"1958",66,9,13299
"1959",67,9,83207
"1960",68,9,11213
"1961",69,9,228936
"1962",70,9,30439
"1963",71,9,13098
"1964",73,9,33033
"1965",74,9,2421
"1966",75,9,346647
"1967",76,9,3029
"1968",77,9,16691
"1969",78,9,7841
"1970",79,9,150984
"1971",80,9,14297
"1972",82,9,29405
"1973",84,9,104023
"1974",85,9,17957
"1975",86,9,18077
"1976",89,9,320368
"1977",90,9,7744
"1978",91,9,38879
"1979",92,9,1
"1980",93,9,6133
"1981",94,9,8674
"1982",95,9,6102
"1983",96,9,18425
"1984",97,9,27132
"1985",99,9,0
"1986",100,9,5300
"1987",101,9,9768
"1988",102,9,0
"1989",103,9,16241
"1990",104,9,6511
"1991",106,9,5210
"1992",107,9,10980
"1993",108,9,56481
"1994",109,9,0
"1995",110,9,51577
"1996",113,9,41700
"1997",114,9,5741
"1998",115,9,72817
"1999",116,9,365093
"2000",117,9,578461
"2001",118,9,148187
"2002",119,9,236713
"2003",120,9,134582
"2004",121,9,269284
"2005",122,9,1205661
"2006",123,9,369190
"2007",124,9,285155
"2008",125,9,76481
"2009",126,9,139805
"2010",127,9,3118
"2011",128,9,1903
"2012",129,9,774
"2013",130,9,975
"2014",131,9,2187
"2015",132,9,1948
"2016",133,9,15256
"2017",134,9,4053
"2018",137,9,6110
"2019",138,9,443374
"2020",139,9,56511
"2021",140,9,170730
"2022",141,9,68965
"2023",142,9,111693
"2024",143,9,324109
"2025",144,9,818685
"2026",145,9,29265
"2027",146,9,141200
"2028",147,9,9408
"2029",148,9,44135
"2030",149,9,47044
"2031",150,9,317675
"2032",151,9,83084
"2033",152,9,7035
"2034",153,9,37308
"2035",154,9,199996
"2036",155,9,67395
"2037",156,9,94300
"2038",157,9,1935
"2039",158,9,14030
"2040",159,9,81411
"2041",160,9,56321
"2042",161,9,1432
"2043",162,9,35109
"2044",163,9,6927
"2045",164,9,10814
"2046",165,9,152780
"2047",166,9,34171
"2048",167,9,523244
"2049",168,9,240934
"2050",169,9,75066
"2051",170,9,12628
"2052",171,9,62423
"2053",172,9,251468
"2054",173,9,149228
"2055",174,9,229334
"2056",175,9,85950
"2057",176,9,5824
"2058",177,9,5755
"2059",178,9,56953
"2060",179,9,65007
"2061",180,9,8020
"2062",181,9,13989
"2063",182,9,395803
"2064",183,9,24463
"2065",184,9,0
"2066",185,9,113374
"2067",186,9,142207
"2068",187,9,135688
"2069",188,9,15213
"2070",189,9,16437
"2071",190,9,393411
"2072",191,9,38356
"2073",192,9,345688
"2074",193,9,111118
"2075",194,9,214567
"2076",195,9,16294
"2077",196,9,101181
"2078",197,9,81115
"2079",198,9,464256
"2080",199,9,8361
"2081",200,9,77770
"2082",201,9,8704
"2083",202,9,5035
"2084",203,9,4431
"2085",204,9,5004
"2086",205,9,22794
"2087",206,9,2162
"2088",207,9,20083
"2089",208,9,6602
"2090",209,9,43845
"2091",210,9,4120
"2092",211,9,28829
"2093",212,9,214496
"2094",213,9,7585
"2095",214,9,11528
"2096",215,9,8230
"2097",216,9,22741
"2098",217,9,7297
"2099",218,9,14800
"2100",219,9,11336
"2101",220,9,27444
"2102",222,9,17235
"2103",223,9,26463
"2104",224,9,15651
"2105",225,9,29883
"2106",226,9,5464
"2107",227,9,53101
"2108",228,9,69050
"2109",229,9,76949
"2110",230,9,7968
"2111",231,9,55784
"2112",232,9,56957
"2113",233,9,153479
"2114",234,9,12391
"2115",235,9,83953
"2116",236,9,10387
"2117",237,9,217782
"2118",238,9,3782
"2119",240,9,44135
"2120",241,9,1638
"2121",242,9,83139
"2122",243,9,21732
"2123",244,9,4754
"2124",246,9,4395
"2125",247,9,22017
"2126",248,9,104522
"2127",249,9,26851
"2128",250,9,284710
"2129",251,9,10980
"2130",252,9,40243
"2131",253,9,60535
"2132",254,9,45213
"2133",255,9,304895
"2134",1,10,9401
"2135",2,10,18395
"2136",3,10,19241
"2137",4,10,23094
"2138",5,10,34925
"2139",6,10,84645
"2140",7,10,14696
"2141",8,10,37422
"2142",9,10,31164
"2143",10,10,131218
"2144",11,10,36932
"2145",12,10,17763
"2146",13,10,56720
"2147",14,10,4312
"2148",15,10,6308
"2149",16,10,60588
"2150",17,10,19961
"2151",18,10,10053
"2152",19,10,10361
"2153",20,10,15126
"2154",21,10,25403
"2155",22,10,410936
"2156",23,10,22256
"2157",24,10,170884
"2158",25,10,27238
"2159",26,10,111976
"2160",27,10,13028
"2161",28,10,156432
"2162",29,10,123721
"2163",30,10,5199
"2164",31,10,18757
"2165",33,10,18123
"2166",34,10,7293
"2167",35,10,9609
"2168",36,10,10808
"2169",37,10,8569
"2170",39,10,1096632
"2171",40,10,51613
"2172",41,10,23290
"2173",42,10,10384
"2174",43,10,30489
"2175",44,10,28544
"2176",45,10,2188
"2177",46,10,9323
"2178",47,10,21365
"2179",48,10,46969
"2180",50,10,78497
"2181",52,10,154980
"2182",53,10,31574
"2183",54,10,26340
"2184",55,10,16814
"2185",56,10,58252
"2186",57,10,5390
"2187",58,10,1578866
"2188",59,10,65194
"2189",60,10,11811421
"2190",61,10,337384
"2191",62,10,3133
"2192",63,10,106453
"2193",64,10,232805
"2194",65,10,0
"2195",66,10,16519
"2196",67,10,83134
"2197",68,10,11394
"2198",69,10,215542
"2199",70,10,26407
"2200",71,10,11921
"2201",73,10,32801
"2202",74,10,3146
"2203",75,10,372820
"2204",76,10,3090
"2205",77,10,16618
"2206",78,10,9102
"2207",79,10,155734
"2208",80,10,13383
"2209",82,10,28933
"2210",84,10,114684
"2211",85,10,18714
"2212",86,10,18482
"2213",89,10,306939
"2214",90,10,7480
"2215",91,10,35987
"2216",92,10,3
"2217",93,10,6391
"2218",94,10,7827
"2219",95,10,6514
"2220",96,10,19366
"2221",97,10,23615
"2222",99,10,0
"2223",100,10,4813
"2224",101,10,9408
"2225",102,10,0
"2226",103,10,13672
"2227",104,10,6486
"2228",106,10,4537
"2229",107,10,9637
"2230",108,10,55389
"2231",109,10,0
"2232",110,10,45303
"2233",113,10,40118
"2234",114,10,4479
"2235",115,10,70075
"2236",116,10,346514
"2237",117,10,559963
"2238",118,10,138893
"2239",119,10,232530
"2240",120,10,130681
"2241",121,10,246047
"2242",122,10,1175453
"2243",123,10,358412
"2244",124,10,282101
"2245",125,10,71426
"2246",126,10,132130
"2247",127,10,3541
"2248",128,10,1792
"2249",129,10,737
"2250",130,10,1067
"2251",131,10,2965
"2252",132,10,2704
"2253",133,10,14329
"2254",134,10,4634
"2255",137,10,6961
"2256",138,10,440282
"2257",139,10,62345
"2258",140,10,166877
"2259",141,10,64791
"2260",142,10,99261
"2261",143,10,290899
"2262",144,10,811914
"2263",145,10,29291
"2264",146,10,127646
"2265",147,10,9074
"2266",148,10,43680
"2267",149,10,46527
"2268",150,10,312914
"2269",151,10,82835
"2270",152,10,6882
"2271",153,10,41858
"2272",154,10,203468
"2273",155,10,64698
"2274",156,10,91888
"2275",157,10,1672
"2276",158,10,13331
"2277",159,10,78583
"2278",160,10,55266
"2279",161,10,182
"2280",162,10,33417
"2281",163,10,7446
"2282",164,10,9328
"2283",165,10,156801
"2284",166,10,32229
"2285",167,10,507858
"2286",168,10,225327
"2287",169,10,71884
"2288",170,10,10769
"2289",171,10,60385
"2290",172,10,242622
"2291",173,10,136579
"2292",174,10,226319
"2293",175,10,88074
"2294",176,10,6640
"2295",177,10,5763
"2296",178,10,49508
"2297",179,10,62031
"2298",180,10,7610
"2299",181,10,12453
"2300",182,10,383913
"2301",183,10,24468
"2302",184,10,0
"2303",185,10,102493
"2304",186,10,120893
"2305",187,10,134526
"2306",188,10,12962
"2307",189,10,16045
"2308",190,10,204731
"2309",191,10,17013
"2310",192,10,302967
"2311",193,10,100709
"2312",194,10,115315
"2313",195,10,13212
"2314",196,10,59032
"2315",197,10,44035
"2316",198,10,450265
"2317",199,10,8135
"2318",200,10,78683
"2319",201,10,8910
"2320",202,10,5086
"2321",203,10,4922
"2322",204,10,4809
"2323",205,10,24005
"2324",206,10,2488
"2325",207,10,8413
"2326",208,10,6155
"2327",209,10,44087
"2328",210,10,0
"2329",211,10,30711
"2330",212,10,198539
"2331",213,10,8253
"2332",214,10,12169
"2333",215,10,7024
"2334",216,10,20979
"2335",217,10,6145
"2336",218,10,12382
"2337",219,10,9732
"2338",220,10,19629
"2339",222,10,8868
"2340",223,10,27062
"2341",224,10,14348
"2342",225,10,29356
"2343",226,10,4717
"2344",227,10,46034
"2345",228,10,71898
"2346",229,10,81976
"2347",230,10,8833
"2348",231,10,22730
"2349",232,10,58188
"2350",233,10,146863
"2351",234,10,12475
"2352",235,10,77135
"2353",236,10,8752
"2354",237,10,214721
"2355",238,10,8167
"2356",240,10,43686
"2357",241,10,2471
"2358",242,10,84262
"2359",243,10,24235
"2360",244,10,4185
"2361",246,10,3028
"2362",247,10,23117
"2363",248,10,104054
"2364",249,10,25642
"2365",250,10,271280
"2366",251,10,10832
"2367",252,10,37661
"2368",253,10,58978
"2369",254,10,47878
"2370",255,10,289094
"2371",1,11,7749
"2372",2,11,16959
"2373",3,11,18392
"2374",4,11,20308
"2375",5,11,34269
"2376",6,11,82306
"2377",7,11,13327
"2378",8,11,34900
"2379",9,11,25890
"2380",10,11,110633
"2381",11,11,34757
"2382",12,11,14642
"2383",13,11,46118
"2384",14,11,3451
"2385",15,11,3868
"2386",16,11,49187
"2387",17,11,20936
"2388",18,11,12018
"2389",19,11,10284
"2390",20,11,14700
"2391",21,11,24499
"2392",22,11,391493
"2393",23,11,21179
"2394",24,11,162038
"2395",25,11,26481
"2396",26,11,90473
"2397",27,11,11135
"2398",28,11,128456
"2399",29,11,116316
"2400",30,11,4828
"2401",31,11,18629
"2402",33,11,18201
"2403",34,11,7012
"2404",35,11,8776
"2405",36,11,10038
"2406",37,11,7953
"2407",39,11,1023826
"2408",40,11,48183
"2409",41,11,23687
"2410",42,11,8604
"2411",43,11,30345
"2412",44,11,27495
"2413",45,11,2210
"2414",46,11,8748
"2415",47,11,21960
"2416",48,11,45085
"2417",50,11,74928
"2418",52,11,148431
"2419",53,11,29461
"2420",54,11,24885
"2421",55,11,15354
"2422",56,11,54247
"2423",57,11,5819
"2424",58,11,1465548
"2425",59,11,61844
"2426",60,11,10190690
"2427",61,11,321639
"2428",62,11,3416
"2429",63,11,96867
"2430",64,11,212497
"2431",65,11,0
"2432",66,11,12506
"2433",67,11,81033
"2434",68,11,3175
"2435",69,11,71981
"2436",70,11,8198
"2437",71,11,10297
"2438",73,11,24119
"2439",74,11,2515
"2440",75,11,290519
"2441",76,11,2356
"2442",77,11,13406
"2443",78,11,7910
"2444",79,11,127143
"2445",80,11,10535
"2446",82,11,23312
"2447",84,11,88571
"2448",85,11,14572
"2449",86,11,13723
"2450",89,11,293555
"2451",90,11,3497
"2452",91,11,35877
"2453",92,11,3
"2454",93,11,5072
"2455",94,11,4959
"2456",95,11,6065
"2457",96,11,19924
"2458",97,11,10811
"2459",99,11,0
"2460",100,11,5201
"2461",101,11,4181
"2462",102,11,0
"2463",103,11,7385
"2464",104,11,2041
"2465",106,11,3290
"2466",107,11,10214
"2467",108,11,53944
"2468",109,11,0
"2469",110,11,27877
"2470",113,11,29969
"2471",114,11,4681
"2472",115,11,55711
"2473",116,11,277942
"2474",117,11,433737
"2475",118,11,116104
"2476",119,11,183784
"2477",120,11,103735
"2478",121,11,195161
"2479",122,11,916706
"2480",123,11,279750
"2481",124,11,232361
"2482",125,11,57130
"2483",126,11,105751
"2484",127,11,2737
"2485",128,11,1513
"2486",129,11,886
"2487",130,11,792
"2488",131,11,1861
"2489",132,11,2388
"2490",133,11,11705
"2491",134,11,3473
"2492",137,11,6189
"2493",138,11,329125
"2494",139,11,46639
"2495",140,11,134569
"2496",141,11,55274
"2497",142,11,87316
"2498",143,11,268664
"2499",144,11,612274
"2500",145,11,24012
"2501",146,11,105708
"2502",147,11,7693
"2503",148,11,33049
"2504",149,11,38138
"2505",150,11,236009
"2506",151,11,62811
"2507",152,11,4270
"2508",153,11,34455
"2509",154,11,154593
"2510",155,11,48696
"2511",156,11,74430
"2512",157,11,1409
"2513",158,11,10173
"2514",159,11,61099
"2515",160,11,42466
"2516",161,11,1264
"2517",162,11,27044
"2518",163,11,5679
"2519",164,11,7432
"2520",165,11,121069
"2521",166,11,25843
"2522",167,11,450587
"2523",168,11,210683
"2524",169,11,63731
"2525",170,11,10238
"2526",171,11,55246
"2527",172,11,219349
"2528",173,11,130130
"2529",174,11,210435
"2530",175,11,88116
"2531",176,11,6571
"2532",177,11,5440
"2533",178,11,49815
"2534",179,11,61899
"2535",180,11,7855
"2536",181,11,11110
"2537",182,11,138211
"2538",183,11,8047
"2539",184,11,0
"2540",185,11,77303
"2541",186,11,117223
"2542",187,11,43360
"2543",188,11,3489
"2544",189,11,5853
"2545",190,11,0
"2546",191,11,0
"2547",192,11,248193
"2548",193,11,95244
"2549",194,11,1
"2550",195,11,0
"2551",196,11,10011
"2552",197,11,4215
"2553",198,11,423904
"2554",199,11,6140
"2555",200,11,59502
"2556",201,11,7340
"2557",202,11,4439
"2558",203,11,3751
"2559",204,11,4015
"2560",205,11,17473
"2561",206,11,1851
"2562",207,11,24407
"2563",208,11,5241
"2564",209,11,44087
"2565",210,11,3427
"2566",211,11,23720
"2567",212,11,199608
"2568",213,11,7265
"2569",214,11,11794
"2570",215,11,7838
"2571",216,11,21493
"2572",217,11,7159
"2573",218,11,12972
"2574",219,11,9754
"2575",220,11,18794
"2576",222,11,14738
"2577",223,11,27116
"2578",224,11,13190
"2579",225,11,25614
"2580",226,11,4811
"2581",227,11,45968
"2582",228,11,58756
"2583",229,11,62512
"2584",230,11,7179
"2585",231,11,0
"2586",232,11,51902
"2587",233,11,124327
"2588",234,11,11794
"2589",235,11,71483
"2590",236,11,7181
"2591",237,11,169195
"2592",238,11,6730
"2593",240,11,37818
"2594",241,11,1434
"2595",242,11,67574
"2596",243,11,17150
"2597",244,11,3112
"2598",246,11,3609
"2599",247,11,19456
"2600",248,11,80096
"2601",249,11,19350
"2602",250,11,246314
"2603",251,11,3713
"2604",252,11,35524
"2605",253,11,56427
"2606",254,11,36426
"2607",255,11,272803
"2608",1,12,6598
"2609",2,12,14225
"2610",3,12,14918
"2611",4,12,17652
"2612",5,12,31971
"2613",6,12,67555
"2614",7,12,10411
"2615",8,12,30870
"2616",9,12,20305
"2617",10,12,102527
"2618",11,12,28650
"2619",12,12,11934
"2620",13,12,42603
"2621",14,12,3393
"2622",15,12,3703
"2623",16,12,43077
"2624",17,12,14222
"2625",18,12,9697
"2626",19,12,7225
"2627",20,12,12093
"2628",21,12,18738
"2629",22,12,342470
"2630",23,12,18508
"2631",24,12,134231
"2632",25,12,22499
"2633",26,12,86143
"2634",27,12,9414
"2635",28,12,118203
"2636",29,12,97464
"2637",30,12,4127
"2638",31,12,16868
"2639",33,12,15630
"2640",34,12,6489
"2641",35,12,8826
"2642",36,12,9143
"2643",37,12,6861
"2644",39,12,855849
"2645",40,12,42352
"2646",41,12,21430
"2647",42,12,6813
"2648",43,12,24664
"2649",44,12,23994
"2650",45,12,1809
"2651",46,12,6542
"2652",47,12,18715
"2653",48,12,34672
"2654",50,12,67386
"2655",52,12,122793
"2656",53,12,25035
"2657",54,12,20040
"2658",55,12,12661
"2659",56,12,46776
"2660",57,12,5250
"2661",58,12,1259246
"2662",59,12,54468
"2663",60,12,8644286
"2664",61,12,279620
"2665",62,12,2974
"2666",63,12,82772
"2667",64,12,178433
"2668",65,12,0
"2669",66,12,10070
"2670",67,12,62019
"2671",68,12,0
"2672",69,12,0
"2673",70,12,0
"2674",71,12,9338
"2675",73,12,24612
"2676",74,12,1990
"2677",75,12,285961
"2678",76,12,2134
"2679",77,12,14112
"2680",78,12,7860
"2681",79,12,119764
"2682",80,12,10911
"2683",82,12,23840
"2684",84,12,85925
"2685",85,12,14087
"2686",86,12,11880
"2687",89,12,244202
"2688",90,12,0
"2689",91,12,30847
"2690",92,12,4
"2691",93,12,5522
"2692",94,12,0
"2693",95,12,5591
"2694",96,12,16766
"2695",97,12,0
"2696",99,12,0
"2697",100,12,4407
"2698",101,12,0
"2699",102,12,0
"2700",103,12,1260
"2701",104,12,0
"2702",106,12,840
"2703",107,12,9065
"2704",108,12,27020
"2705",109,12,0
"2706",110,12,2854
"2707",113,12,37594
"2708",114,12,4439
"2709",115,12,52319
"2710",116,12,269263
"2711",117,12,422974
"2712",118,12,113361
"2713",119,12,175263
"2714",120,12,91626
"2715",121,12,197433
"2716",122,12,880458
"2717",123,12,268473
"2718",124,12,238909
"2719",125,12,55917
"2720",126,12,102385
"2721",127,12,2644
"2722",128,12,1670
"2723",129,12,849
"2724",130,12,781
"2725",131,12,1987
"2726",132,12,2343
"2727",133,12,11171
"2728",134,12,3261
"2729",137,12,6301
"2730",138,12,320659
"2731",139,12,48546
"2732",140,12,131829
"2733",141,12,48231
"2734",142,12,75072
"2735",143,12,222905
"2736",144,12,618678
"2737",145,12,24477
"2738",146,12,99042
"2739",147,12,6703
"2740",148,12,31562
"2741",149,12,36371
"2742",150,12,230811
"2743",151,12,60773
"2744",152,12,4405
"2745",153,12,33656
"2746",154,12,140968
"2747",155,12,45824
"2748",156,12,67661
"2749",157,12,1294
"2750",158,12,9686
"2751",159,12,54223
"2752",160,12,38798
"2753",161,12,991
"2754",162,12,26059
"2755",163,12,5254
"2756",164,12,6785
"2757",165,12,120024
"2758",166,12,23520
"2759",167,12,395820
"2760",168,12,185829
"2761",169,12,55451
"2762",170,12,8536
"2763",171,12,46712
"2764",172,12,188133
"2765",173,12,107783
"2766",174,12,181776
"2767",175,12,72985
"2768",176,12,5639
"2769",177,12,3969
"2770",178,12,42752
"2771",179,12,54618
"2772",180,12,6752
"2773",181,12,9433
"2774",182,12,18628
"2775",183,12,0
"2776",184,12,0
"2777",185,12,71313
"2778",186,12,103274
"2779",187,12,0
"2780",188,12,0
"2781",189,12,0
"2782",190,12,0
"2783",191,12,0
"2784",192,12,214197
"2785",193,12,79360
"2786",194,12,5
"2787",195,12,0
"2788",196,12,9305
"2789",197,12,4266
"2790",198,12,387091
"2791",199,12,6888
"2792",200,12,59735
"2793",201,12,6854
"2794",202,12,4428
"2795",203,12,3776
"2796",204,12,4275
"2797",205,12,16647
"2798",206,12,2082
"2799",207,12,23817
"2800",208,12,7184
"2801",209,12,41378
"2802",210,12,5487
"2803",211,12,25203
"2804",212,12,170525
"2805",213,12,6904
"2806",214,12,10139
"2807",215,12,7639
"2808",216,12,20262
"2809",217,12,7786
"2810",218,12,12549
"2811",219,12,9027
"2812",220,12,16216
"2813",222,12,15288
"2814",223,12,21427
"2815",224,12,11319
"2816",225,12,21888
"2817",226,12,4301
"2818",227,12,42009
"2819",228,12,62998
"2820",229,12,62591
"2821",230,12,7235
"2822",231,12,0
"2823",232,12,43517
"2824",233,12,105921
"2825",234,12,10417
"2826",235,12,59510
"2827",236,12,7263
"2828",237,12,160364
"2829",238,12,5798
"2830",240,12,36400
"2831",241,12,1409
"2832",242,12,64482
"2833",243,12,16676
"2834",244,12,3486
"2835",246,12,1381
"2836",247,12,17601
"2837",248,12,76994
"2838",249,12,20186
"2839",250,12,211149
"2840",251,12,0
"2841",252,12,30566
"2842",253,12,45417
"2843",254,12,32144
"2844",255,12,224895
"2845",1,13,9065
"2846",2,13,19558
"2847",3,13,19237
"2848",4,13,24041
"2849",5,13,40567
"2850",6,13,88144
"2851",7,13,18307
"2852",8,13,40112
"2853",9,13,29916
"2854",10,13,135760
"2855",11,13,41062
"2856",12,13,15473
"2857",13,13,62761
"2858",14,13,5868
"2859",15,13,5411
"2860",16,13,59309
"2861",17,13,24278
"2862",18,13,15758
"2863",19,13,9943
"2864",20,13,16979
"2865",21,13,26247
"2866",22,13,415073
"2867",23,13,23324
"2868",24,13,162619
"2869",25,13,28067
"2870",26,13,114723
"2871",27,13,13100
"2872",28,13,119618
"2873",29,13,111097
"2874",30,13,5323
"2875",31,13,24498
"2876",33,13,20882
"2877",34,13,8260
"2878",35,13,12450
"2879",36,13,10929
"2880",37,13,3984
"2881",39,13,1061995
"2882",40,13,54454
"2883",41,13,30116
"2884",42,13,10628
"2885",43,13,36388
"2886",44,13,34874
"2887",45,13,2797
"2888",46,13,9672
"2889",47,13,22737
"2890",48,13,56725
"2891",50,13,92189
"2892",52,13,160864
"2893",53,13,38670
"2894",54,13,20853
"2895",55,13,20213
"2896",56,13,68151
"2897",57,13,11413
"2898",58,13,1512249
"2899",59,13,75929
"2900",60,13,14727054
"2901",61,13,356529
"2902",62,13,4092
"2903",63,13,103285
"2904",64,13,224474
"2905",65,13,50913
"2906",66,13,146259
"2907",67,13,83903
"2908",68,13,59990
"2909",69,13,82035
"2910",70,13,9350
"2911",71,13,12199
"2912",73,13,29404
"2913",74,13,4086
"2914",75,13,350433
"2915",76,13,2678
"2916",77,13,17306
"2917",78,13,10021
"2918",79,13,141126
"2919",80,13,12420
"2920",82,13,28788
"2921",84,13,109439
"2922",85,13,16637
"2923",86,13,15612
"2924",89,13,315802
"2925",90,13,3158
"2926",91,13,39133
"2927",92,13,28503
"2928",93,13,6174
"2929",94,13,6411
"2930",95,13,7079
"2931",96,13,18206
"2932",97,13,11296
"2933",99,13,6294
"2934",100,13,5880
"2935",101,13,32376
"2936",102,13,4955
"2937",103,13,12062
"2938",104,13,11285
"2939",106,13,43327
"2940",107,13,10602
"2941",108,13,25111
"2942",109,13,16192
"2943",110,13,45393
"2944",113,13,42920
"2945",114,13,5452
"2946",115,13,69916
"2947",116,13,354384
"2948",117,13,548821
"2949",118,13,154957
"2950",119,13,219212
"2951",120,13,127445
"2952",121,13,260201
"2953",122,13,1149016
"2954",123,13,371721
"2955",124,13,311971
"2956",125,13,77600
"2957",126,13,137518
"2958",127,13,3045
"2959",128,13,2088
"2960",129,13,960
"2961",130,13,833
"2962",131,13,2248
"2963",132,13,2446
"2964",133,13,15274
"2965",134,13,4399
"2966",137,13,6995
"2967",138,13,395896
"2968",139,13,52285
"2969",140,13,164908
"2970",141,13,59128
"2971",142,13,89359
"2972",143,13,303884
"2973",144,13,777450
"2974",145,13,25447
"2975",146,13,127322
"2976",147,13,8245
"2977",148,13,44675
"2978",149,13,44542
"2979",150,13,291616
"2980",151,13,87928
"2981",152,13,6070
"2982",153,13,42508
"2983",154,13,182316
"2984",155,13,60861
"2985",156,13,83558
"2986",157,13,3863
"2987",158,13,12478
"2988",159,13,71281
"2989",160,13,48045
"2990",161,13,1251
"2991",162,13,34066
"2992",163,13,6748
"2993",164,13,8968
"2994",165,13,155740
"2995",166,13,28426
"2996",167,13,490306
"2997",168,13,234241
"2998",169,13,74833
"2999",170,13,11260
"3000",171,13,72986
"3001",172,13,257789
"3002",173,13,140495
"3003",174,13,242678
"3004",175,13,91377
"3005",176,13,7938
"3006",177,13,6049
"3007",178,13,59165
"3008",179,13,67390
"3009",180,13,8616
"3010",181,13,14625
"3011",182,13,159862
"3012",183,13,43043
"3013",184,13,26482
"3014",185,13,96917
"3015",186,13,152347
"3016",187,13,47114
"3017",188,13,5524
"3018",189,13,7121
"3019",190,13,139208
"3020",191,13,18441
"3021",192,13,269217
"3022",193,13,106256
"3023",194,13,95289
"3024",195,13,9999
"3025",196,13,47441
"3026",197,13,33969
"3027",198,13,446257
"3028",199,13,8776
"3029",200,13,77069
"3030",201,13,9061
"3031",202,13,5475
"3032",203,13,3756
"3033",204,13,4835
"3034",205,13,22338
"3035",206,13,2725
"3036",207,13,25846
"3037",208,13,7441
"3038",209,13,52401
"3039",210,13,5157
"3040",211,13,31328
"3041",212,13,214049
"3042",213,13,8908
"3043",214,13,13015
"3044",215,13,10655
"3045",216,13,29734
"3046",217,13,9658
"3047",218,13,15563
"3048",219,13,11458
"3049",220,13,21798
"3050",222,13,16630
"3051",223,13,27908
"3052",224,13,16184
"3053",225,13,30617
"3054",226,13,5701
"3055",227,13,53477
"3056",228,13,76064
"3057",229,13,79777
"3058",230,13,8668
"3059",231,13,19819
"3060",232,13,55929
"3061",233,13,150035
"3062",234,13,12376
"3063",235,13,76647
"3064",236,13,9734
"3065",237,13,197730
"3066",238,13,6896
"3067",240,13,46450
"3068",241,13,1716
"3069",242,13,76482
"3070",243,13,19571
"3071",244,13,4516
"3072",246,13,2437
"3073",247,13,22029
"3074",248,13,97479
"3075",249,13,25120
"3076",250,13,271158
"3077",251,13,3928
"3078",252,13,38741
"3079",253,13,57921
"3080",254,13,32163
"3081",255,13,285250
"3082",1,14,11173
"3083",2,14,25909
"3084",3,14,23484
"3085",4,14,28080
"3086",5,14,52523
"3087",6,14,100436
"3088",7,14,20904
"3089",8,14,49014
"3090",9,14,38320
"3091",10,14,153116
"3092",11,14,48519
"3093",12,14,17721
"3094",13,14,71868
"3095",14,14,6867
"3096",15,14,4964
"3097",16,14,63726
"3098",17,14,29959
"3099",18,14,15219
"3100",19,14,12428
"3101",20,14,19927
"3102",21,14,35205
"3103",22,14,532349
"3104",23,14,26550
"3105",24,14,181316
"3106",25,14,30365
"3107",26,14,138702
"3108",27,14,16158
"3109",28,14,170031
"3110",29,14,143343
"3111",30,14,9800
"3112",31,14,37946
"3113",33,14,21545
"3114",34,14,9106
"3115",35,14,11027
"3116",36,14,11652
"3117",37,14,8081
"3118",39,14,1301529
"3119",40,14,84864
"3120",41,14,56409
"3121",42,14,25408
"3122",43,14,51417
"3123",44,14,60501
"3124",45,14,3433
"3125",46,14,13272
"3126",47,14,24699
"3127",48,14,94353
"3128",50,14,147044
"3129",52,14,212067
"3130",53,14,58577
"3131",54,14,39563
"3132",55,14,38634
"3133",56,14,120149
"3134",57,14,36310
"3135",58,14,1767241
"3136",59,14,84217
"3137",60,14,24867993
"3138",61,14,403721
"3139",62,14,6552
"3140",63,14,146181
"3141",64,14,282530
"3142",65,14,150745
"3143",66,14,444731
"3144",67,14,107744
"3145",68,14,162254
"3146",69,14,230919
"3147",70,14,29699
"3148",71,14,9674
"3149",73,14,30385
"3150",74,14,7188
"3151",75,14,409487
"3152",76,14,2569
"3153",77,14,16994
"3154",78,14,10158
"3155",79,14,154802
"3156",80,14,14107
"3157",82,14,32409
"3158",84,14,124391
"3159",85,14,18962
"3160",86,14,16904
"3161",89,14,373156
"3162",90,14,8673
"3163",91,14,42392
"3164",92,14,72840
"3165",93,14,7282
"3166",94,14,22312
"3167",95,14,12079
"3168",96,14,27493
"3169",97,14,29394
"3170",99,14,15247
"3171",100,14,7038
"3172",101,14,88065
"3173",102,14,13278
"3174",103,14,32674
"3175",104,14,29960
"3176",106,14,129748
"3177",107,14,11445
"3178",108,14,66677
"3179",109,14,45198
"3180",110,14,114025
"3181",113,14,56977
"3182",114,14,5351
"3183",115,14,74067
"3184",116,14,353652
"3185",117,14,590051
"3186",118,14,179998
"3187",119,14,216648
"3188",120,14,140033
"3189",121,14,276020
"3190",122,14,1261525
"3191",123,14,386136
"3192",124,14,268389
"3193",125,14,77548
"3194",126,14,137406
"3195",127,14,3663
"3196",128,14,2898
"3197",129,14,1126
"3198",130,14,1072
"3199",131,14,3527
"3200",132,14,2937
"3201",133,14,16706
"3202",134,14,5241
"3203",137,14,9677
"3204",138,14,465265
"3205",139,14,63463
"3206",140,14,188573
"3207",141,14,67321
"3208",142,14,106453
"3209",143,14,340886
"3210",144,14,904515
"3211",145,14,31101
"3212",146,14,126504
"3213",147,14,10213
"3214",148,14,54267
"3215",149,14,52702
"3216",150,14,301685
"3217",151,14,95254
"3218",152,14,6412
"3219",153,14,51091
"3220",154,14,220493
"3221",155,14,64064
"3222",156,14,89909
"3223",157,14,6293
"3224",158,14,13141
"3225",159,14,87954
"3226",160,14,53966
"3227",161,14,1020
"3228",162,14,31514
"3229",163,14,7432
"3230",164,14,8967
"3231",165,14,182776
"3232",166,14,33579
"3233",167,14,564356
"3234",168,14,272013
"3235",169,14,82017
"3236",170,14,12712
"3237",171,14,106398
"3238",172,14,345387
"3239",173,14,200549
"3240",174,14,322921
"3241",175,14,127592
"3242",176,14,14830
"3243",177,14,8106
"3244",178,14,76053
"3245",179,14,73732
"3246",180,14,10748
"3247",181,14,24520
"3248",182,14,394891
"3249",183,14,113258
"3250",184,14,70934
"3251",185,14,104906
"3252",186,14,195818
"3253",187,14,131864
"3254",188,14,12394
"3255",189,14,18563
"3256",190,14,372867
"3257",191,14,50943
"3258",192,14,350731
"3259",193,14,111912
"3260",194,14,255106
"3261",195,14,32595
"3262",196,14,102737
"3263",197,14,91551
"3264",198,14,545098
"3265",199,14,10538
"3266",200,14,83557
"3267",201,14,10077
"3268",202,14,6969
"3269",203,14,4664
"3270",204,14,5771
"3271",205,14,26645
"3272",206,14,3245
"3273",207,14,27603
"3274",208,14,7715
"3275",209,14,55677
"3276",210,14,7488
"3277",211,14,35449
"3278",212,14,240053
"3279",213,14,11871
"3280",214,14,15808
"3281",215,14,10462
"3282",216,14,37873
"3283",217,14,10754
"3284",218,14,17857
"3285",219,14,11939
"3286",220,14,22661
"3287",222,14,20111
"3288",223,14,32849
"3289",224,14,21713
"3290",225,14,40771
"3291",226,14,5294
"3292",227,14,57066
"3293",228,14,98443
"3294",229,14,86637
"3295",230,14,8629
"3296",231,14,59929
"3297",232,14,75252
"3298",233,14,173757
"3299",234,14,13305
"3300",235,14,90737
"3301",236,14,9245
"3302",237,14,219264
"3303",238,14,8122
"3304",240,14,51682
"3305",241,14,2586
"3306",242,14,90814
"3307",243,14,24669
"3308",244,14,5199
"3309",246,14,4935
"3310",247,14,21871
"3311",248,14,111381
"3312",249,14,43173
"3313",250,14,373150
"3314",251,14,12542
"3315",252,14,44805
"3316",253,14,71445
"3317",254,14,44033
"3318",255,14,338590
"3319",1,15,5670
"3320",2,15,15104
"3321",3,15,14726
"3322",4,15,17012
"3323",5,15,36484
"3324",6,15,61134
"3325",7,15,12197
"3326",8,15,30686
"3327",9,15,23210
"3328",10,15,94182
"3329",11,15,31825
"3330",12,15,10331
"3331",13,15,49377
"3332",14,15,5851
"3333",15,15,2778
"3334",16,15,43486
"3335",17,15,20252
"3336",18,15,8785
"3337",19,15,7365
"3338",20,15,12384
"3339",21,15,22449
"3340",22,15,379366
"3341",23,15,15402
"3342",24,15,122494
"3343",25,15,18326
"3344",26,15,87350
"3345",27,15,8636
"3346",28,15,134084
"3347",29,15,97282
"3348",30,15,5025
"3349",31,15,22795
"3350",33,15,15751
"3351",34,15,5697
"3352",35,15,8896
"3353",36,15,7477
"3354",37,15,5963
"3355",39,15,838392
"3356",40,15,51183
"3357",41,15,33427
"3358",42,15,16097
"3359",43,15,30342
"3360",44,15,39366
"3361",45,15,1979
"3362",46,15,8168
"3363",47,15,17668
"3364",48,15,54346
"3365",50,15,93361
"3366",52,15,136059
"3367",53,15,31426
"3368",54,15,23445
"3369",55,15,21631
"3370",56,15,73893
"3371",57,15,22790
"3372",58,15,1163552
"3373",59,15,58720
"3374",60,15,15773076
"3375",61,15,266386
"3376",62,15,3115
"3377",63,15,94444
"3378",64,15,180598
"3379",65,15,93975
"3380",66,15,284589
"3381",67,15,73454
"3382",68,15,103858
"3383",69,15,149874
"3384",70,15,18900
"3385",71,15,7321
"3386",73,15,19536
"3387",74,15,5239
"3388",75,15,273933
"3389",76,15,1906
"3390",77,15,11327
"3391",78,15,6219
"3392",79,15,104683
"3393",80,15,9024
"3394",82,15,19823
"3395",84,15,77534
"3396",85,15,12661
"3397",86,15,11133
"3398",89,15,254284
"3399",90,15,6775
"3400",91,15,28897
"3401",92,15,50461
"3402",93,15,5005
"3403",94,15,15860
"3404",95,15,4966
"3405",96,15,17958
"3406",97,15,18303
"3407",99,15,10657
"3408",100,15,5781
"3409",101,15,57044
"3410",102,15,9532
"3411",103,15,20662
"3412",104,15,19630
"3413",106,15,89073
"3414",107,15,6980
"3415",108,15,46627
"3416",109,15,28152
"3417",110,15,76217
"3418",113,15,30595
"3419",114,15,2733
"3420",115,15,45617
"3421",116,15,249081
"3422",117,15,393713
"3423",118,15,110289
"3424",119,15,160310
"3425",120,15,87646
"3426",121,15,183311
"3427",122,15,833471
"3428",123,15,234567
"3429",124,15,178828
"3430",125,15,53713
"3431",126,15,87146
"3432",127,15,2671
"3433",128,15,1921
"3434",129,15,695
"3435",130,15,594
"3436",131,15,2686
"3437",132,15,1332
"3438",133,15,9623
"3439",134,15,3706
"3440",137,15,5168
"3441",138,15,310361
"3442",139,15,40226
"3443",140,15,129249
"3444",141,15,46255
"3445",142,15,68582
"3446",143,15,218270
"3447",144,15,616823
"3448",145,15,20602
"3449",146,15,88696
"3450",147,15,6603
"3451",148,15,33117
"3452",149,15,32402
"3453",150,15,225877
"3454",151,15,69923
"3455",152,15,2975
"3456",153,15,32430
"3457",154,15,142833
"3458",155,15,40812
"3459",156,15,56831
"3460",157,15,4821
"3461",158,15,8334
"3462",159,15,50698
"3463",160,15,35742
"3464",161,15,737
"3465",162,15,24740
"3466",163,15,4476
"3467",164,15,6043
"3468",165,15,116730
"3469",166,15,19543
"3470",167,15,361681
"3471",168,15,185099
"3472",169,15,50155
"3473",170,15,7677
"3474",171,15,74459
"3475",172,15,233491
"3476",173,15,126857
"3477",174,15,210395
"3478",175,15,86154
"3479",176,15,8673
"3480",177,15,4904
"3481",178,15,49681
"3482",179,15,43396
"3483",180,15,6524
"3484",181,15,14278
"3485",182,15,258868
"3486",183,15,71619
"3487",184,15,45890
"3488",185,15,68080
"3489",186,15,128246
"3490",187,15,87482
"3491",188,15,7654
"3492",189,15,14671
"3493",190,15,243377
"3494",191,15,31048
"3495",192,15,231025
"3496",193,15,73803
"3497",194,15,157663
"3498",195,15,26276
"3499",196,15,71386
"3500",197,15,59873
"3501",198,15,341462
"3502",199,15,7456
"3503",200,15,60482
"3504",201,15,6913
"3505",202,15,4709
"3506",203,15,3013
"3507",204,15,3339
"3508",205,15,15796
"3509",206,15,1758
"3510",207,15,25165
"3511",208,15,5087
"3512",209,15,37657
"3513",210,15,5682
"3514",211,15,25191
"3515",212,15,163750
"3516",213,15,8159
"3517",214,15,12565
"3518",215,15,6674
"3519",216,15,24606
"3520",217,15,7418
"3521",218,15,11056
"3522",219,15,7153
"3523",220,15,14158
"3524",222,15,11329
"3525",223,15,24186
"3526",224,15,15290
"3527",225,15,25687
"3528",226,15,3129
"3529",227,15,39831
"3530",228,15,57849
"3531",229,15,61202
"3532",230,15,5799
"3533",231,15,36135
"3534",232,15,44754
"3535",233,15,109243
"3536",234,15,8809
"3537",235,15,58306
"3538",236,15,6239
"3539",237,15,145487
"3540",238,15,5063
"3541",240,15,26880
"3542",241,15,1275
"3543",242,15,59343
"3544",243,15,15850
"3545",244,15,2639
"3546",246,15,3368
"3547",247,15,10621
"3548",248,15,73533
"3549",249,15,23097
"3550",250,15,243444
"3551",251,15,6906
"3552",252,15,32187
"3553",253,15,46705
"3554",254,15,33577
"3555",255,15,218481
"3556",1,16,6444
"3557",2,16,15781
"3558",3,16,15762
"3559",4,16,16918
"3560",5,16,32570
"3561",6,16,67563
"3562",7,16,11672
"3563",8,16,32705
"3564",9,16,25191
"3565",10,16,101875
"3566",11,16,31850
"3567",12,16,12266
"3568",13,16,48588
"3569",14,16,4244
"3570",15,16,3402
"3571",16,16,43047
"3572",17,16,22380
"3573",18,16,10323
"3574",19,16,7560
"3575",20,16,12863
"3576",21,16,21474
"3577",22,16,390779
"3578",23,16,16968
"3579",24,16,136813
"3580",25,16,23744
"3581",26,16,93570
"3582",27,16,9391
"3583",28,16,125738
"3584",29,16,106006
"3585",30,16,4347
"3586",31,16,19616
"3587",33,16,16730
"3588",34,16,6659
"3589",35,16,12424
"3590",36,16,8162
"3591",37,16,8054
"3592",39,16,889297
"3593",40,16,54387
"3594",41,16,28350
"3595",42,16,12029
"3596",43,16,28164
"3597",44,16,32540
"3598",45,16,2002
"3599",46,16,8481
"3600",47,16,20807
"3601",48,16,57902
"3602",50,16,88420
"3603",52,16,127589
"3604",53,16,30739
"3605",54,16,20935
"3606",55,16,17248
"3607",56,16,62256
"3608",57,16,21006
"3609",58,16,1278619
"3610",59,16,58432
"3611",60,16,16468303
"3612",61,16,269908
"3613",62,16,2705
"3614",63,16,96213
"3615",64,16,176643
"3616",65,16,103943
"3617",66,16,299744
"3618",67,16,68940
"3619",68,16,107239
"3620",69,16,151422
"3621",70,16,18916
"3622",71,16,7806
"3623",73,16,21503
"3624",74,16,5669
"3625",75,16,311138
"3626",76,16,2022
"3627",77,16,12933
"3628",78,16,6530
"3629",79,16,108508
"3630",80,16,10273
"3631",82,16,24526
"3632",84,16,88407
"3633",85,16,11942
"3634",86,16,11278
"3635",89,16,275187
"3636",90,16,5916
"3637",91,16,38519
"3638",92,16,53452
"3639",93,16,4598
"3640",94,16,17211
"3641",95,16,5775
"3642",96,16,17154
"3643",97,16,18306
"3644",99,16,11672
"3645",100,16,5244
"3646",101,16,55780
"3647",102,16,9112
"3648",103,16,23561
"3649",104,16,20642
"3650",106,16,87880
"3651",107,16,8146
"3652",108,16,49919
"3653",109,16,30568
"3654",110,16,77041
"3655",113,16,28327
"3656",114,16,2230
"3657",115,16,49125
"3658",116,16,267650
"3659",117,16,440393
"3660",118,16,118121
"3661",119,16,164531
"3662",120,16,90412
"3663",121,16,200698
"3664",122,16,877430
"3665",123,16,256952
"3666",124,16,189025
"3667",125,16,55868
"3668",126,16,97773
"3669",127,16,2278
"3670",128,16,2269
"3671",129,16,454
"3672",130,16,404
"3673",131,16,2292
"3674",132,16,961
"3675",133,16,6013
"3676",134,16,4657
"3677",137,16,5108
"3678",138,16,329014
"3679",139,16,38044
"3680",140,16,133508
"3681",141,16,47113
"3682",142,16,71747
"3683",143,16,241608
"3684",144,16,618361
"3685",145,16,21765
"3686",146,16,98908
"3687",147,16,6745
"3688",148,16,32609
"3689",149,16,34104
"3690",150,16,230162
"3691",151,16,72344
"3692",152,16,3815
"3693",153,16,30008
"3694",154,16,149185
"3695",155,16,38238
"3696",156,16,61661
"3697",157,16,4723
"3698",158,16,8996
"3699",159,16,52510
"3700",160,16,44747
"3701",161,16,843
"3702",162,16,36362
"3703",163,16,5047
"3704",164,16,6082
"3705",165,16,124970
"3706",166,16,22523
"3707",167,16,379979
"3708",168,16,193137
"3709",169,16,50164
"3710",170,16,7909
"3711",171,16,71178
"3712",172,16,232295
"3713",173,16,122932
"3714",174,16,194255
"3715",175,16,89795
"3716",176,16,9757
"3717",177,16,5278
"3718",178,16,49650
"3719",179,16,46304
"3720",180,16,6925
"3721",181,16,12239
"3722",182,16,265697
"3723",183,16,78853
"3724",184,16,53125
"3725",185,16,74186
"3726",186,16,142338
"3727",187,16,86179
"3728",188,16,9691
"3729",189,16,12103
"3730",190,16,264144
"3731",191,16,32392
"3732",192,16,234884
"3733",193,16,76220
"3734",194,16,168438
"3735",195,16,22010
"3736",196,16,75500
"3737",197,16,63119
"3738",198,16,309947
"3739",199,16,6130
"3740",200,16,61230
"3741",201,16,7160
"3742",202,16,4525
"3743",203,16,3233
"3744",204,16,3331
"3745",205,16,15124
"3746",206,16,1772
"3747",207,16,25493
"3748",208,16,5059
"3749",209,16,38299
"3750",210,16,5927
"3751",211,16,23479
"3752",212,16,182321
"3753",213,16,7589
"3754",214,16,11006
"3755",215,16,7968
"3756",216,16,24601
"3757",217,16,6986
"3758",218,16,12278
"3759",219,16,8409
"3760",220,16,19432
"3761",222,16,11981
"3762",223,16,25216
"3763",224,16,16849
"3764",225,16,25537
"3765",226,16,4358
"3766",227,16,40932
"3767",228,16,67069
"3768",229,16,60247
"3769",230,16,6311
"3770",231,16,33091
"3771",232,16,44878
"3772",233,16,119799
"3773",234,16,9497
"3774",235,16,55442
"3775",236,16,6700
"3776",237,16,160351
"3777",238,16,3250
"3778",240,16,18015
"3779",241,16,1621
"3780",242,16,66363
"3781",243,16,15157
"3782",244,16,2877
"3783",246,16,2860
"3784",247,16,13656
"3785",248,16,72270
"3786",249,16,22213
"3787",250,16,241888
"3788",251,16,7313
"3789",252,16,31265
"3790",253,16,52364
"3791",254,16,34657
"3792",255,16,236186
"3793",1,17,5237
"3794",2,17,13551
"3795",3,17,15378
"3796",4,17,17798
"3797",5,17,29784
"3798",6,17,65829
"3799",7,17,8807
"3800",8,17,27494
"3801",9,17,20009
"3802",10,17,103976
"3803",11,17,29328
"3804",12,17,12585
"3805",13,17,49189
"3806",14,17,4690
"3807",15,17,2940
"3808",16,17,41785
"3809",17,17,18684
"3810",18,17,8117
"3811",19,17,7132
"3812",20,17,13643
"3813",21,17,20993
"3814",22,17,404126
"3815",23,17,17466
"3816",24,17,133821
"3817",25,17,22485
"3818",26,17,90457
"3819",27,17,9274
"3820",28,17,123400
"3821",29,17,109189
"3822",30,17,4190
"3823",31,17,19757
"3824",33,17,19296
"3825",34,17,6990
"3826",35,17,9258
"3827",36,17,8222
"3828",37,17,7382
"3829",39,17,894183
"3830",40,17,45775
"3831",41,17,26742
"3832",42,17,10209
"3833",43,17,26508
"3834",44,17,29195
"3835",45,17,2051
"3836",46,17,8614
"3837",47,17,23152
"3838",48,17,58717
"3839",50,17,79033
"3840",52,17,136212
"3841",53,17,31924
"3842",54,17,22407
"3843",55,17,15992
"3844",56,17,58407
"3845",57,17,16660
"3846",58,17,1297314
"3847",59,17,58533
"3848",60,17,15534118
"3849",61,17,268345
"3850",62,17,3027
"3851",63,17,79796
"3852",64,17,177730
"3853",65,17,89346
"3854",66,17,248016
"3855",67,17,65336
"3856",68,17,87605
"3857",69,17,137478
"3858",70,17,18417
"3859",71,17,8174
"3860",73,17,20199
"3861",74,17,5344
"3862",75,17,284674
"3863",76,17,2292
"3864",77,17,12647
"3865",78,17,6790
"3866",79,17,101689
"3867",80,17,9397
"3868",82,17,23514
"3869",84,17,88154
"3870",85,17,10912
"3871",86,17,10983
"3872",89,17,281154
"3873",90,17,5746
"3874",91,17,35753
"3875",92,17,54839
"3876",93,17,6101
"3877",94,17,14609
"3878",95,17,5426
"3879",96,17,17179
"3880",97,17,20602
"3881",99,17,12513
"3882",100,17,5938
"3883",101,17,64477
"3884",102,17,8891
"3885",103,17,26169
"3886",104,17,20457
"3887",106,17,89627
"3888",107,17,9864
"3889",108,17,50016
"3890",109,17,31581
"3891",110,17,73388
"3892",113,17,31188
"3893",114,17,3203
"3894",115,17,45011
"3895",116,17,245115
"3896",117,17,399239
"3897",118,17,102247
"3898",119,17,153626
"3899",120,17,73143
"3900",121,17,175439
"3901",122,17,797878
"3902",123,17,241417
"3903",124,17,175172
"3904",125,17,52352
"3905",126,17,91715
"3906",127,17,2632
"3907",128,17,2449
"3908",129,17,834
"3909",130,17,700
"3910",131,17,2208
"3911",132,17,2072
"3912",133,17,10109
"3913",134,17,3588
"3914",137,17,4131
"3915",138,17,302729
"3916",139,17,33045
"3917",140,17,121099
"3918",141,17,43883
"3919",142,17,71185
"3920",143,17,242140
"3921",144,17,572011
"3922",145,17,20593
"3923",146,17,90193
"3924",147,17,6548
"3925",148,17,29547
"3926",149,17,30829
"3927",150,17,218880
"3928",151,17,62859
"3929",152,17,3546
"3930",153,17,29007
"3931",154,17,144885
"3932",155,17,39591
"3933",156,17,52402
"3934",157,17,4262
"3935",158,17,7894
"3936",159,17,50327
"3937",160,17,41575
"3938",161,17,1148
"3939",162,17,31825
"3940",163,17,4948
"3941",164,17,5670
"3942",165,17,129817
"3943",166,17,19311
"3944",167,17,394510
"3945",168,17,193006
"3946",169,17,51196
"3947",170,17,8187
"3948",171,17,69622
"3949",172,17,230855
"3950",173,17,130121
"3951",174,17,194499
"3952",175,17,97452
"3953",176,17,8454
"3954",177,17,5362
"3955",178,17,47816
"3956",179,17,48238
"3957",180,17,6561
"3958",181,17,12677
"3959",182,17,259976
"3960",183,17,65899
"3961",184,17,40567
"3962",185,17,71016
"3963",186,17,143653
"3964",187,17,79076
"3965",188,17,8312
"3966",189,17,11488
"3967",190,17,248600
"3968",191,17,33158
"3969",192,17,220435
"3970",193,17,78225
"3971",194,17,149714
"3972",195,17,21219
"3973",196,17,68014
"3974",197,17,60391
"3975",198,17,295001
"3976",199,17,7087
"3977",200,17,63316
"3978",201,17,7233
"3979",202,17,5303
"3980",203,17,3147
"3981",204,17,3619
"3982",205,17,15465
"3983",206,17,1380
"3984",207,17,20661
"3985",208,17,5537
"3986",209,17,41250
"3987",210,17,5789
"3988",211,17,25411
"3989",212,17,184646
"3990",213,17,7304
"3991",214,17,11465
"3992",215,17,7020
"3993",216,17,25128
"3994",217,17,7232
"3995",218,17,15028
"3996",219,17,9970
"3997",220,17,19811
"3998",222,17,12864
"3999",223,17,22113
"4000",224,17,14093
"4001",225,17,21669
"4002",226,17,4250
"4003",227,17,37825
"4004",228,17,63388
"4005",229,17,63046
"4006",230,17,6339
"4007",231,17,28638
"4008",232,17,50276
"4009",233,17,112623
"4010",234,17,9830
"4011",235,17,57024
"4012",236,17,6450
"4013",237,17,138332
"4014",238,17,5528
"4015",240,17,33662
"4016",241,17,1718
"4017",242,17,62434
"4018",243,17,14658
"4019",244,17,2340
"4020",246,17,3149
"4021",247,17,12817
"4022",248,17,67430
"4023",249,17,20177
"4024",250,17,241706
"4025",251,17,6313
"4026",252,17,34827
"4027",253,17,55019
"4028",254,17,31354
"4029",255,17,231482
"4030",1,18,2855
"4031",2,18,5328
"4032",3,18,7435
"4033",4,18,6386
"4034",5,18,11480
"4035",6,18,29631
"4036",7,18,3229
"4037",8,18,10863
"4038",9,18,9119
"4039",10,18,37032
"4040",11,18,11139
"4041",12,18,4957
"4042",13,18,17309
"4043",14,18,1353
"4044",15,18,1436
"4045",16,18,19721
"4046",17,18,7365
"4047",18,18,4187
"4048",19,18,3751
"4049",20,18,4647
"4050",21,18,7873
"4051",22,18,117209
"4052",23,18,8784
"4053",24,18,58018
"4054",25,18,12163
"4055",26,18,49506
"4056",27,18,4639
"4057",28,18,59287
"4058",29,18,29926
"4059",30,18,1513
"4060",31,18,5326
"4061",33,18,4633
"4062",34,18,2545
"4063",35,18,2865
"4064",36,18,2493
"4065",37,18,1408
"4066",39,18,279191
"4067",40,18,11928
"4068",41,18,8106
"4069",42,18,2956
"4070",43,18,6130
"4071",44,18,9695
"4072",45,18,612
"4073",46,18,2073
"4074",47,18,6067
"4075",48,18,11919
"4076",50,18,24447
"4077",52,18,47976
"4078",53,18,13092
"4079",54,18,8251
"4080",55,18,5271
"4081",56,18,18179
"4082",57,18,2097
"4083",58,18,348457
"4084",59,18,19093
"4085",60,18,5830710
"4086",61,18,88071
"4087",62,18,1047
"4088",63,18,48059
"4089",64,18,63713
"4090",65,18,50720
"4091",66,18,164378
"4092",67,18,29526
"4093",68,18,50339
"4094",69,18,80688
"4095",70,18,11665
"4096",71,18,3210
"4097",73,18,11147
"4098",74,18,1421
"4099",75,18,135144
"4100",76,18,793
"4101",77,18,7115
"4102",78,18,3003
"4103",79,18,58365
"4104",80,18,5403
"4105",82,18,11802
"4106",84,18,40472
"4107",85,18,5476
"4108",86,18,7492
"4109",89,18,82948
"4110",90,18,2022
"4111",91,18,7996
"4112",92,18,6973
"4113",93,18,2416
"4114",94,18,2178
"4115",95,18,1373
"4116",96,18,4331
"4117",97,18,6483
"4118",99,18,2553
"4119",100,18,1763
"4120",101,18,18392
"4121",102,18,3716
"4122",103,18,6896
"4123",104,18,6046
"4124",106,18,25217
"4125",107,18,2393
"4126",108,18,7627
"4127",109,18,12252
"4128",110,18,25058
"4129",113,18,15090
"4130",114,18,2145
"4131",115,18,33935
"4132",116,18,165858
"4133",117,18,243873
"4134",118,18,69750
"4135",119,18,81967
"4136",120,18,58174
"4137",121,18,115778
"4138",122,18,484618
"4139",123,18,165461
"4140",124,18,119295
"4141",125,18,32385
"4142",126,18,67331
"4143",127,18,1057
"4144",128,18,570
"4145",129,18,136
"4146",130,18,431
"4147",131,18,818
"4148",132,18,715
"4149",133,18,6084
"4150",134,18,1169
"4151",137,18,2210
"4152",138,18,173041
"4153",139,18,17476
"4154",140,18,76332
"4155",141,18,30028
"4156",142,18,31261
"4157",143,18,77875
"4158",144,18,293690
"4159",145,18,12859
"4160",146,18,54986
"4161",147,18,3593
"4162",148,18,22263
"4163",149,18,22692
"4164",150,18,114811
"4165",151,18,37286
"4166",152,18,2165
"4167",153,18,20397
"4168",154,18,74718
"4169",155,18,26260
"4170",156,18,33236
"4171",157,18,835
"4172",158,18,5219
"4173",159,18,30106
"4174",160,18,23936
"4175",161,18,561
"4176",162,18,12058
"4177",163,18,2492
"4178",164,18,4484
"4179",165,18,62831
"4180",166,18,13897
"4181",167,18,135345
"4182",168,18,58957
"4183",169,18,25410
"4184",170,18,3693
"4185",171,18,24880
"4186",172,18,81388
"4187",173,18,44079
"4188",174,18,54081
"4189",175,18,27600
"4190",176,18,1639
"4191",177,18,1884
"4192",178,18,15158
"4193",179,18,16559
"4194",180,18,2187
"4195",181,18,4614
"4196",182,18,135060
"4197",183,18,45661
"4198",184,18,31500
"4199",185,18,48284
"4200",186,18,44928
"4201",187,18,53750
"4202",188,18,7924
"4203",189,18,6919
"4204",190,18,164852
"4205",191,18,13521
"4206",192,18,158146
"4207",193,18,32415
"4208",194,18,103652
"4209",195,18,6752
"4210",196,18,49786
"4211",197,18,39807
"4212",198,18,241381
"4213",199,18,2826
"4214",200,18,30521
"4215",201,18,3613
"4216",202,18,1865
"4217",203,18,1856
"4218",204,18,1724
"4219",205,18,6720
"4220",206,18,764
"4221",207,18,8311
"4222",208,18,2265
"4223",209,18,13277
"4224",210,18,2091
"4225",211,18,9519
"4226",212,18,55379
"4227",213,18,2322
"4228",214,18,3007
"4229",215,18,1860
"4230",216,18,5893
"4231",217,18,1871
"4232",218,18,3414
"4233",219,18,3725
"4234",220,18,5913
"4235",222,18,5286
"4236",223,18,7257
"4237",224,18,4776
"4238",225,18,9580
"4239",226,18,1299
"4240",227,18,14080
"4241",228,18,19702
"4242",229,18,26256
"4243",230,18,3502
"4244",231,18,23983
"4245",232,18,17470
"4246",233,18,45882
"4247",234,18,2920
"4248",235,18,26434
"4249",236,18,4069
"4250",237,18,81531
"4251",238,18,2539
"4252",240,18,15144
"4253",241,18,648
"4254",242,18,29260
"4255",243,18,8712
"4256",244,18,1756
"4257",246,18,502
"4258",247,18,9584
"4259",248,18,36499
"4260",249,18,8114
"4261",250,18,81957
"4262",251,18,4734
"4263",252,18,9659
"4264",253,18,14978
"4265",254,18,16611
"4266",255,18,78312
"4267",1,19,8084
"4268",2,19,15090
"4269",3,19,18014
"4270",4,19,17894
"4271",5,19,31624
"4272",6,19,72101
"4273",7,19,9594
"4274",8,19,32148
"4275",9,19,22211
"4276",10,19,94071
"4277",11,19,26940
"4278",12,19,15230
"4279",13,19,50847
"4280",14,19,3752
"4281",15,19,4220
"4282",16,19,50588
"4283",17,19,21949
"4284",18,19,13511
"4285",19,19,8642
"4286",20,19,13230
"4287",21,19,20676
"4288",22,19,305449
"4289",23,19,22354
"4290",24,19,146589
"4291",25,19,26978
"4292",26,19,106839
"4293",27,19,10869
"4294",28,19,125230
"4295",29,19,89318
"4296",30,19,4199
"4297",31,19,14570
"4298",33,19,13260
"4299",34,19,5926
"4300",35,19,7732
"4301",36,19,6583
"4302",37,19,4652
"4303",39,19,681836
"4304",40,19,32947
"4305",41,19,17622
"4306",42,19,6573
"4307",43,19,21665
"4308",44,19,19943
"4309",45,19,1850
"4310",46,19,7376
"4311",47,19,15493
"4312",48,19,33585
"4313",50,19,65415
"4314",52,19,121058
"4315",53,19,37169
"4316",54,19,22287
"4317",55,19,12499
"4318",56,19,45815
"4319",57,19,4926
"4320",58,19,924405
"4321",59,19,50807
"4322",60,19,13028133
"4323",61,19,231825
"4324",62,19,2993
"4325",63,19,96137
"4326",64,19,162478
"4327",65,19,104252
"4328",66,19,343312
"4329",67,19,69816
"4330",68,19,105671
"4331",69,19,173594
"4332",70,19,23171
"4333",71,19,9615
"4334",73,19,27306
"4335",74,19,3121
"4336",75,19,282495
"4337",76,19,2448
"4338",77,19,13776
"4339",78,19,7395
"4340",79,19,127605
"4341",80,19,11751
"4342",82,19,25790
"4343",84,19,90254
"4344",85,19,14537
"4345",86,19,15517
"4346",89,19,215403
"4347",90,19,5007
"4348",91,19,20036
"4349",92,19,35792
"4350",93,19,6118
"4351",94,19,9047
"4352",95,19,3857
"4353",96,19,14006
"4354",97,19,17627
"4355",99,19,8157
"4356",100,19,3913
"4357",101,19,52033
"4358",102,19,10147
"4359",103,19,19668
"4360",104,19,19543
"4361",106,19,78224
"4362",107,19,8575
"4363",108,19,37189
"4364",109,19,36073
"4365",110,19,73306
"4366",113,19,31924
"4367",114,19,5441
"4368",115,19,65175
"4369",116,19,330084
"4370",117,19,487265
"4371",118,19,138769
"4372",119,19,170785
"4373",120,19,119526
"4374",121,19,225279
"4375",122,19,981430
"4376",123,19,325940
"4377",124,19,265296
"4378",125,19,70689
"4379",126,19,132448
"4380",127,19,1920
"4381",128,19,1324
"4382",129,19,436
"4383",130,19,1474
"4384",131,19,2245
"4385",132,19,2027
"4386",133,19,13641
"4387",134,19,3561
"4388",137,19,3837
"4389",138,19,347859
"4390",139,19,42229
"4391",140,19,153810
"4392",141,19,71305
"4393",142,19,96058
"4394",143,19,255851
"4395",144,19,599177
"4396",145,19,26364
"4397",146,19,113808
"4398",147,19,7807
"4399",148,19,43714
"4400",149,19,48179
"4401",150,19,241289
"4402",151,19,80875
"4403",152,19,4474
"4404",153,19,43272
"4405",154,19,157236
"4406",155,19,53363
"4407",156,19,76089
"4408",157,19,1894
"4409",158,19,11699
"4410",159,19,62351
"4411",160,19,49096
"4412",161,19,2273
"4413",162,19,33085
"4414",163,19,7911
"4415",164,19,9163
"4416",165,19,132155
"4417",166,19,31753
"4418",167,19,354802
"4419",168,19,157386
"4420",169,19,58298
"4421",170,19,10414
"4422",171,19,50854
"4423",172,19,212403
"4424",173,19,109809
"4425",174,19,146196
"4426",175,19,74186
"4427",176,19,5241
"4428",177,19,5723
"4429",178,19,37317
"4430",179,19,49049
"4431",180,19,6323
"4432",181,19,13106
"4433",182,19,302188
"4434",183,19,97083
"4435",184,19,67554
"4436",185,19,99557
"4437",186,19,151199
"4438",187,19,116929
"4439",188,19,15567
"4440",189,19,14801
"4441",190,19,362629
"4442",191,19,35666
"4443",192,19,344755
"4444",193,19,83233
"4445",194,19,211781
"4446",195,19,29589
"4447",196,19,107472
"4448",197,19,87028
"4449",198,19,448916
"4450",199,19,7284
"4451",200,19,66846
"4452",201,19,8466
"4453",202,19,5006
"4454",203,19,4687
"4455",204,19,4236
"4456",205,19,14570
"4457",206,19,2535
"4458",207,19,21044
"4459",208,19,5208
"4460",209,19,32082
"4461",210,19,5294
"4462",211,19,20778
"4463",212,19,140725
"4464",213,19,5602
"4465",214,19,8481
"4466",215,19,5002
"4467",216,19,15500
"4468",217,19,5889
"4469",218,19,11048
"4470",219,19,10241
"4471",220,19,20094
"4472",222,19,14560
"4473",223,19,21604
"4474",224,19,12310
"4475",225,19,23014
"4476",226,19,3356
"4477",227,19,37885
"4478",228,19,50126
"4479",229,19,61418
"4480",230,19,6536
"4481",231,19,42236
"4482",232,19,47203
"4483",233,19,130718
"4484",234,19,7825
"4485",235,19,70022
"4486",236,19,9313
"4487",237,19,164406
"4488",238,19,6914
"4489",240,19,33836
"4490",241,19,2297
"4491",242,19,62406
"4492",243,19,21788
"4493",244,19,3649
"4494",246,19,3501
"4495",247,19,20767
"4496",248,19,79312
"4497",249,19,21528
"4498",250,19,196883
"4499",251,19,9356
"4500",252,19,29484
"4501",253,19,37598
"4502",254,19,39870
"4503",255,19,210491
"4504",1,20,9059
"4505",2,20,20409
"4506",3,20,22022
"4507",4,20,20646
"4508",5,20,41708
"4509",6,20,97056
"4510",7,20,11992
"4511",8,20,36435
"4512",9,20,30000
"4513",10,20,119353
"4514",11,20,36194
"4515",12,20,16581
"4516",13,20,60641
"4517",14,20,5407
"4518",15,20,4388
"4519",16,20,62155
"4520",17,20,25361
"4521",18,20,15980
"4522",19,20,10355
"4523",20,20,15539
"4524",21,20,25966
"4525",22,20,369264
"4526",23,20,24259
"4527",24,20,179677
"4528",25,20,33231
"4529",26,20,79931
"4530",27,20,13013
"4531",28,20,98281
"4532",29,20,108812
"4533",30,20,4181
"4534",31,20,17300
"4535",33,20,15681
"4536",34,20,6530
"4537",35,20,8834
"4538",36,20,8773
"4539",37,20,6308
"4540",39,20,867292
"4541",40,20,39150
"4542",41,20,26924
"4543",42,20,7767
"4544",43,20,22815
"4545",44,20,29540
"4546",45,20,1992
"4547",46,20,8543
"4548",47,20,18682
"4549",48,20,37695
"4550",50,20,81761
"4551",52,20,147384
"4552",53,20,42202
"4553",54,20,28169
"4554",55,20,17132
"4555",56,20,61568
"4556",57,20,7416
"4557",58,20,1123317
"4558",59,20,61269
"4559",60,20,15052200
"4560",61,20,293255
"4561",62,20,2326
"4562",63,20,102779
"4563",64,20,202695
"4564",65,20,122259
"4565",66,20,386780
"4566",67,20,85753
"4567",68,20,125370
"4568",69,20,221152
"4569",70,20,29505
"4570",71,20,8347
"4571",73,20,24660
"4572",74,20,2265
"4573",75,20,230041
"4574",76,20,1549
"4575",77,20,11039
"4576",78,20,5907
"4577",79,20,100075
"4578",80,20,8978
"4579",82,20,21726
"4580",84,20,73264
"4581",85,20,13311
"4582",86,20,13110
"4583",89,20,272283
"4584",90,20,4940
"4585",91,20,26900
"4586",92,20,42544
"4587",93,20,3810
"4588",94,20,9845
"4589",95,20,4306
"4590",96,20,15182
"4591",97,20,21525
"4592",99,20,10136
"4593",100,20,4120
"4594",101,20,59600
"4595",102,20,9899
"4596",103,20,21710
"4597",104,20,19668
"4598",106,20,81597
"4599",107,20,9454
"4600",108,20,46717
"4601",109,20,44382
"4602",110,20,85674
"4603",113,20,25145
"4604",114,20,3979
"4605",115,20,56179
"4606",116,20,270635
"4607",117,20,404309
"4608",118,20,123622
"4609",119,20,139790
"4610",120,20,98916
"4611",121,20,184881
"4612",122,20,806247
"4613",123,20,272213
"4614",124,20,238347
"4615",125,20,60999
"4616",126,20,107967
"4617",127,20,1507
"4618",128,20,1237
"4619",129,20,416
"4620",130,20,1016
"4621",131,20,1934
"4622",132,20,1564
"4623",133,20,10537
"4624",134,20,2485
"4625",137,20,3517
"4626",138,20,287640
"4627",139,20,34222
"4628",140,20,128542
"4629",141,20,70707
"4630",142,20,117643
"4631",143,20,326101
"4632",144,20,477141
"4633",145,20,19945
"4634",146,20,92041
"4635",147,20,6034
"4636",148,20,36377
"4637",149,20,38030
"4638",150,20,193156
"4639",151,20,62724
"4640",152,20,3442
"4641",153,20,34213
"4642",154,20,136789
"4643",155,20,44283
"4644",156,20,60885
"4645",157,20,1496
"4646",158,20,8343
"4647",159,20,49690
"4648",160,20,36610
"4649",161,20,1209
"4650",162,20,23109
"4651",163,20,4721
"4652",164,20,7105
"4653",165,20,110013
"4654",166,20,25272
"4655",167,20,434766
"4656",168,20,197949
"4657",169,20,74465
"4658",170,20,13629
"4659",171,20,68120
"4660",172,20,247175
"4661",173,20,136157
"4662",174,20,183019
"4663",175,20,86630
"4664",176,20,4636
"4665",177,20,5993
"4666",178,20,47423
"4667",179,20,57436
"4668",180,20,8085
"4669",181,20,16107
"4670",182,20,372807
"4671",183,20,124482
"4672",184,20,87671
"4673",185,20,86292
"4674",186,20,143690
"4675",187,20,137742
"4676",188,20,17907
"4677",189,20,18997
"4678",190,20,345734
"4679",191,20,33065
"4680",192,20,330559
"4681",193,20,106306
"4682",194,20,215104
"4683",195,20,31758
"4684",196,20,103403
"4685",197,20,82843
"4686",198,20,404637
"4687",199,20,4658
"4688",200,20,52973
"4689",201,20,6123
"4690",202,20,3512
"4691",203,20,3350
"4692",204,20,3278
"4693",205,20,12160
"4694",206,20,1821
"4695",207,20,16621
"4696",208,20,4068
"4697",209,20,35959
"4698",210,20,4164
"4699",211,20,17484
"4700",212,20,186419
"4701",213,20,6894
"4702",214,20,9556
"4703",215,20,6284
"4704",216,20,18143
"4705",217,20,6277
"4706",218,20,12067
"4707",219,20,10633
"4708",220,20,23056
"4709",222,20,16923
"4710",223,20,24435
"4711",224,20,15621
"4712",225,20,26263
"4713",226,20,3773
"4714",227,20,45587
"4715",228,20,59724
"4716",229,20,48148
"4717",230,20,5449
"4718",231,20,47757
"4719",232,20,52780
"4720",233,20,141551
"4721",234,20,9970
"4722",235,20,88983
"4723",236,20,6611
"4724",237,20,129671
"4725",238,20,5696
"4726",240,20,30536
"4727",241,20,1534
"4728",242,20,51618
"4729",243,20,15667
"4730",244,20,2741
"4731",246,20,2972
"4732",247,20,17742
"4733",248,20,62032
"4734",249,20,26869
"4735",250,20,234638
"4736",251,20,10059
"4737",252,20,33423
"4738",253,20,47281
"4739",254,20,28202
"4740",255,20,248768
"4741",1,21,13752
"4742",2,21,29484
"4743",3,21,28296
"4744",4,21,26581
"4745",5,21,50766
"4746",6,21,118504
"4747",7,21,14595
"4748",8,21,46869
"4749",9,21,43057
"4750",10,21,130098
"4751",11,21,42855
"4752",12,21,20180
"4753",13,21,68275
"4754",14,21,3766
"4755",15,21,6258
"4756",16,21,74672
"4757",17,21,35137
"4758",18,21,18806
"4759",19,21,12395
"4760",20,21,23991
"4761",21,21,30680
"4762",22,21,444604
"4763",23,21,35265
"4764",24,21,218408
"4765",25,21,39123
"4766",26,21,54319
"4767",27,21,18178
"4768",28,21,67686
"4769",29,21,112040
"4770",30,21,4618
"4771",31,21,21674
"4772",33,21,16532
"4773",34,21,9277
"4774",35,21,8839
"4775",36,21,9529
"4776",37,21,7482
"4777",39,21,1042312
"4778",40,21,44988
"4779",41,21,28522
"4780",42,21,8128
"4781",43,21,28254
"4782",44,21,34139
"4783",45,21,2372
"4784",46,21,9664
"4785",47,21,24206
"4786",48,21,51400
"4787",50,21,96710
"4788",52,21,162240
"4789",53,21,56756
"4790",54,21,33979
"4791",55,21,21754
"4792",56,21,86157
"4793",57,21,7882
"4794",58,21,1381641
"4795",59,21,80125
"4796",60,21,16986696
"4797",61,21,347432
"4798",62,21,4256
"4799",63,21,112887
"4800",64,21,246225
"4801",65,21,134235
"4802",66,21,425120
"4803",67,21,94508
"4804",68,21,140580
"4805",69,21,243609
"4806",70,21,33322
"4807",71,21,5883
"4808",73,21,15851
"4809",74,21,1077
"4810",75,21,158750
"4811",76,21,1296
"4812",77,21,7166
"4813",78,21,3815
"4814",79,21,62786
"4815",80,21,5775
"4816",82,21,14610
"4817",84,21,48994
"4818",85,21,6594
"4819",86,21,8542
"4820",89,21,327577
"4821",90,21,7344
"4822",91,21,31437
"4823",92,21,53869
"4824",93,21,2757
"4825",94,21,11512
"4826",95,21,6049
"4827",96,21,16658
"4828",97,21,22276
"4829",99,21,11437
"4830",100,21,5060
"4831",101,21,73621
"4832",102,21,12007
"4833",103,21,24174
"4834",104,21,22629
"4835",106,21,111033
"4836",107,21,8761
"4837",108,21,57568
"4838",109,21,47889
"4839",110,21,99123
"4840",113,21,23124
"4841",114,21,2023
"4842",115,21,39314
"4843",116,21,176449
"4844",117,21,265866
"4845",118,21,81143
"4846",119,21,98764
"4847",120,21,67890
"4848",121,21,126196
"4849",122,21,569282
"4850",123,21,183865
"4851",124,21,158725
"4852",125,21,42784
"4853",126,21,73830
"4854",127,21,660
"4855",128,21,628
"4856",129,21,313
"4857",130,21,349
"4858",131,21,1121
"4859",132,21,714
"4860",133,21,5453
"4861",134,21,1271
"4862",137,21,2929
"4863",138,21,213528
"4864",139,21,21975
"4865",140,21,88491
"4866",141,21,69627
"4867",142,21,150351
"4868",143,21,393403
"4869",144,21,368807
"4870",145,21,15315
"4871",146,21,64926
"4872",147,21,4548
"4873",148,21,26144
"4874",149,21,24589
"4875",150,21,138976
"4876",151,21,40589
"4877",152,21,2963
"4878",153,21,23778
"4879",154,21,88199
"4880",155,21,32670
"4881",156,21,41830
"4882",157,21,863
"4883",158,21,6135
"4884",159,21,36787
"4885",160,21,20963
"4886",161,21,577
"4887",162,21,13352
"4888",163,21,3282
"4889",164,21,4108
"4890",165,21,72385
"4891",166,21,17251
"4892",167,21,471926
"4893",168,21,224329
"4894",169,21,90255
"4895",170,21,15128
"4896",171,21,88706
"4897",172,21,305515
"4898",173,21,181684
"4899",174,21,214548
"4900",175,21,89483
"4901",176,21,7049
"4902",177,21,7609
"4903",178,21,62751
"4904",179,21,67541
"4905",180,21,9090
"4906",181,21,19267
"4907",182,21,395513
"4908",183,21,129133
"4909",184,21,68950
"4910",185,21,62271
"4911",186,21,178758
"4912",187,21,152274
"4913",188,21,18397
"4914",189,21,20046
"4915",190,21,350626
"4916",191,21,34676
"4917",192,21,374616
"4918",193,21,121541
"4919",194,21,240460
"4920",195,21,33331
"4921",196,21,110462
"4922",197,21,89333
"4923",198,21,485446
"4924",199,21,2769
"4925",200,21,31700
"4926",201,21,4062
"4927",202,21,2423
"4928",203,21,1476
"4929",204,21,618
"4930",205,21,8859
"4931",206,21,829
"4932",207,21,11300
"4933",208,21,2799
"4934",209,21,32025
"4935",210,21,2546
"4936",211,21,12291
"4937",212,21,194037
"4938",213,21,8061
"4939",214,21,10562
"4940",215,21,7869
"4941",216,21,22701
"4942",217,21,7171
"4943",218,21,13761
"4944",219,21,11732
"4945",220,21,25633
"4946",222,21,20508
"4947",223,21,26424
"4948",224,21,16076
"4949",225,21,35403
"4950",226,21,4748
"4951",227,21,50466
"4952",228,21,67324
"4953",229,21,30040
"4954",230,21,3536
"4955",231,21,98335
"4956",232,21,57572
"4957",233,21,184272
"4958",234,21,13612
"4959",235,21,98227
"4960",236,21,4996
"4961",237,21,94067
"4962",238,21,3086
"4963",240,21,19345
"4964",241,21,821
"4965",242,21,32240
"4966",243,21,9828
"4967",244,21,1716
"4968",246,21,3083
"4969",247,21,11152
"4970",248,21,44337
"4971",249,21,30531
"4972",250,21,309411
"4973",251,21,11414
"4974",252,21,40633
"4975",253,21,55419
"4976",254,21,18709
"4977",255,21,319057
"4978",1,22,13752
"4979",2,22,29484
"4980",3,22,28296
"4981",4,22,26581
"4982",5,22,50766
"4983",6,22,118504
"4984",7,22,14595
"4985",8,22,46869
"4986",9,22,43057
"4987",10,22,130098
"4988",11,22,42855
"4989",12,22,20180
"4990",13,22,68275
"4991",14,22,3766
"4992",15,22,6258
"4993",16,22,74672
"4994",17,22,35137
"4995",18,22,18806
"4996",19,22,12395
"4997",20,22,23991
"4998",21,22,30680
"4999",22,22,444604
"5000",23,22,35265
"5001",24,22,218408
"5002",25,22,39123
"5003",26,22,54319
"5004",27,22,18178
"5005",28,22,67686
"5006",29,22,112040
"5007",30,22,4618
"5008",31,22,21674
"5009",33,22,16532
"5010",34,22,9277
"5011",35,22,8839
"5012",36,22,9529
"5013",37,22,7482
"5014",39,22,1042312
"5015",40,22,44988
"5016",41,22,28522
"5017",42,22,8128
"5018",43,22,28254
"5019",44,22,34139
"5020",45,22,2372
"5021",46,22,9664
"5022",47,22,24206
"5023",48,22,51400
"5024",50,22,96710
"5025",52,22,162240
"5026",53,22,56756
"5027",54,22,33979
"5028",55,22,21754
"5029",56,22,86157
"5030",57,22,7882
"5031",58,22,1381641
"5032",59,22,80125
"5033",60,22,16986696
"5034",61,22,347432
"5035",62,22,4256
"5036",63,22,112887
"5037",64,22,246225
"5038",65,22,134235
"5039",66,22,425120
"5040",67,22,94508
"5041",68,22,140580
"5042",69,22,243609
"5043",70,22,33322
"5044",71,22,5883
"5045",73,22,15851
"5046",74,22,1077
"5047",75,22,158750
"5048",76,22,1296
"5049",77,22,7166
"5050",78,22,3815
"5051",79,22,62786
"5052",80,22,5775
"5053",82,22,14610
"5054",84,22,48994
"5055",85,22,6594
"5056",86,22,8542
"5057",89,22,327577
"5058",90,22,7344
"5059",91,22,31437
"5060",92,22,53869
"5061",93,22,2757
"5062",94,22,11512
"5063",95,22,6049
"5064",96,22,16658
"5065",97,22,22276
"5066",99,22,11437
"5067",100,22,5060
"5068",101,22,73621
"5069",102,22,12007
"5070",103,22,24174
"5071",104,22,22629
"5072",106,22,111033
"5073",107,22,8761
"5074",108,22,57568
"5075",109,22,47889
"5076",110,22,99123
"5077",113,22,23124
"5078",114,22,2023
"5079",115,22,39314
"5080",116,22,176449
"5081",117,22,265866
"5082",118,22,81143
"5083",119,22,98764
"5084",120,22,67890
"5085",121,22,126196
"5086",122,22,569282
"5087",123,22,183865
"5088",124,22,158725
"5089",125,22,42784
"5090",126,22,73830
"5091",127,22,660
"5092",128,22,628
"5093",129,22,313
"5094",130,22,349
"5095",131,22,1121
"5096",132,22,714
"5097",133,22,5453
"5098",134,22,1271
"5099",137,22,2929
"5100",138,22,213528
"5101",139,22,21975
"5102",140,22,88491
"5103",141,22,69627
"5104",142,22,150351
"5105",143,22,393403
"5106",144,22,368807
"5107",145,22,15315
"5108",146,22,64926
"5109",147,22,4548
"5110",148,22,26144
"5111",149,22,24589
"5112",150,22,138976
"5113",151,22,40589
"5114",152,22,2963
"5115",153,22,23778
"5116",154,22,88199
"5117",155,22,32670
"5118",156,22,41830
"5119",157,22,863
"5120",158,22,6135
"5121",159,22,36787
"5122",160,22,20963
"5123",161,22,577
"5124",162,22,13352
"5125",163,22,3282
"5126",164,22,4108
"5127",165,22,72385
"5128",166,22,17251
"5129",167,22,471926
"5130",168,22,224329
"5131",169,22,90255
"5132",170,22,15128
"5133",171,22,88706
"5134",172,22,305515
"5135",173,22,181684
"5136",174,22,214548
"5137",175,22,89483
"5138",176,22,7049
"5139",177,22,7609
"5140",178,22,62751
"5141",179,22,67541
"5142",180,22,9090
"5143",181,22,19267
"5144",182,22,395513
"5145",183,22,129133
"5146",184,22,68950
"5147",185,22,62271
"5148",186,22,178758
"5149",187,22,152274
"5150",188,22,18397
"5151",189,22,20046
"5152",190,22,350626
"5153",191,22,34676
"5154",192,22,374616
"5155",193,22,121541
"5156",194,22,240460
"5157",195,22,33331
"5158",196,22,110462
"5159",197,22,89333
"5160",198,22,485446
"5161",199,22,2769
"5162",200,22,31700
"5163",201,22,4062
"5164",202,22,2423
"5165",203,22,1476
"5166",204,22,618
"5167",205,22,8859
"5168",206,22,829
"5169",207,22,11300
"5170",208,22,2799
"5171",209,22,32025
"5172",210,22,2546
"5173",211,22,12291
"5174",212,22,194037
"5175",213,22,8061
"5176",214,22,10562
"5177",215,22,7869
"5178",216,22,22701
"5179",217,22,7171
"5180",218,22,13761
"5181",219,22,11732
"5182",220,22,25633
"5183",222,22,20508
"5184",223,22,26424
"5185",224,22,16076
"5186",225,22,35403
"5187",226,22,4748
"5188",227,22,50466
"5189",228,22,67324
"5190",229,22,30040
"5191",230,22,3536
"5192",231,22,98335
"5193",232,22,57572
"5194",233,22,184272
"5195",234,22,13612
"5196",235,22,98227
"5197",236,22,4996
"5198",237,22,94067
"5199",238,22,3086
"5200",240,22,19345
"5201",241,22,821
"5202",242,22,32240
"5203",243,22,9828
"5204",244,22,1716
"5205",246,22,3083
"5206",247,22,11152
"5207",248,22,44337
"5208",249,22,30531
"5209",250,22,309411
"5210",251,22,11414
"5211",252,22,40633
"5212",253,22,55419
"5213",254,22,18709
"5214",255,22,319057
