id,W1,W2,W3,W4,W5,W6,W7,W8,W9,W10,W11,W12,W13,W14,W15,W16,W17,W18,W19,W20,W21,W22,
1,12064,11378,10252,10622,10860,10228,8191,6376,9318,9401,7749,6598,9065,11173,5670,6444,5237,2855,8084,9059,11014,13752,
2,27729,21367,20790,21349,20024,19820,15193,19274,21415,18395,16959,14225,19558,25909,15104,15781,13551,5328,15090,20409,23261,29484,
3,26498,22725,21592,21510,20947,25041,18503,21350,21348,19241,18392,14918,19237,23484,14726,15762,15378,7435,18014,22022,23941,28296,
4,29720,24180,22980,24367,24143,23701,19433,23618,24753,23094,20308,17652,24041,28080,17012,16918,17798,6386,17894,20646,24134,26581,
5,52758,42762,43638,40319,39802,40479,31582,39225,40506,34925,34269,31971,40567,52523,36484,32570,29784,11480,31624,41708,44491,50766,
6,114265,94294,91450,95977,95237,95132,76471,96088,92415,84645,82306,67555,88144,100436,61134,67563,65829,29631,72101,97056,104907,118504,
7,15264,12666,12112,13209,12874,12660,10922,14114,16241,14696,13327,10411,18307,20904,12197,11672,8807,3229,9594,11992,13798,14595,
8,46320,39993,41119,45017,39653,37524,28459,37109,39322,37422,34900,30870,40112,49014,30686,32705,27494,10863,32148,36435,44204,46869,
9,37545,32487,31773,31121,30994,31513,23351,32514,31666,31164,25890,20305,29916,38320,23210,25191,20009,9119,22211,30000,36413,43057,
10,139254,90525,127030,114158,131310,138483,109840,124020,135114,131218,110633,102527,135760,153116,94182,101875,103976,37032,94071,119353,129928,130098,
11,43706,39458,34383,33812,38439,38406,30526,33940,42201,36932,34757,28650,41062,48519,31825,31850,29328,11139,26940,36194,38276,42855,
12,20299,12763,15842,15976,20582,21225,14345,18647,17726,17763,14642,11934,15473,17721,10331,12266,12585,4957,15230,16581,17033,20180,
13,75076,51203,60067,61081,68236,60540,51756,61271,60689,56720,46118,42603,62761,71868,49377,48588,49189,17309,50847,60641,65725,68275,
14,6198,2638,3793,4002,5238,5993,3831,4844,5402,4312,3451,3393,5868,6867,5851,4244,4690,1353,3752,5407,4815,3766,
15,5893,3724,6023,5273,5311,4959,4491,5749,5504,6308,3868,3703,5411,4964,2778,3402,2940,1436,4220,4388,5466,6258,
16,74999,51898,58418,59219,64751,65621,49785,52748,57060,60588,49187,43077,59309,63726,43486,43047,41785,19721,50588,62155,68151,74672,
17,33503,29232,28242,29691,25745,24510,20887,25971,23019,19961,20936,14222,24278,29959,20252,22380,18684,7365,21949,25361,28181,35137,
18,19207,15866,16211,16404,15476,12159,11188,14393,12505,10053,12018,9697,15758,15219,8785,10323,8117,4187,13511,15980,17964,18806,
19,17239,13652,11146,10973,10716,12806,9377,10851,10755,10361,10284,7225,9943,12428,7365,7560,7132,3751,8642,10355,11648,12395,
20,21196,17785,17583,17806,18637,17331,13938,18376,18036,15126,14700,12093,16979,19927,12384,12863,13643,4647,13230,15539,19175,23991,
21,31124,26686,25735,26082,28396,27529,23209,26371,26613,25403,24499,18738,26247,35205,22449,21474,20993,7873,20676,25966,27209,30680,
22,440515,415085,398754,405558,432775,451297,368044,438749,448717,410936,391493,342470,415073,532349,379366,390779,404126,117209,305449,369264,417168,444604,
23,33253,29138,27085,27275,25298,25148,18926,23956,24211,22256,21179,18508,23324,26550,15402,16968,17466,8784,22354,24259,32173,35265,
24,212557,198966,188026,193724,183662,178351,149395,179577,186379,170884,162038,134231,162619,181316,122494,136813,133821,58018,146589,179677,205961,218408,
25,38387,35017,35354,34948,32975,32781,26632,29387,33690,27238,26481,22499,28067,30365,18326,23744,22485,12163,26978,33231,37398,39123,
26,55934,60997,84491,115165,133794,124733,96574,128845,126660,111976,90473,86143,114723,138702,87350,93570,90457,49506,106839,79931,52309,54319,
27,17535,15708,14678,14545,14392,13572,11122,13488,13216,13028,11135,9414,13100,16158,8636,9391,9274,4639,10869,13013,15892,18178,
28,70297,75752,105860,138152,176898,165899,131328,160436,170868,156432,128456,118203,119618,170031,134084,125738,123400,59287,125230,98281,63730,67686,
29,112666,119747,118379,115412,118358,111411,98897,119427,123906,123721,116316,97464,111097,143343,97282,106006,109189,29926,89318,108812,113693,112040,
30,4670,5117,4854,4822,4581,4859,4821,5146,4928,5199,4828,4127,5323,9800,5025,4347,4190,1513,4199,4181,5288,4618,
31,21555,19844,18444,18992,19223,18441,16555,21562,21148,18757,18629,16868,24498,37946,22795,19616,19757,5326,14570,17300,18798,21674,
33,17422,17656,17485,16879,18038,18299,14934,17547,19620,18123,18201,15630,20882,21545,15751,16730,19296,4633,13260,15681,17309,16532,
34,8431,8011,7165,6384,6232,6678,5306,6487,6808,7293,7012,6489,8260,9106,5697,6659,6990,2545,5926,6530,7907,9277,
35,9258,9395,9166,9739,10094,9620,8216,11112,10545,9609,8776,8826,12450,11027,8896,12424,9258,2865,7732,8834,8879,8839,
36,9132,9439,9794,9882,8671,10307,12117,13720,12620,10808,10038,9143,10929,11652,7477,8162,8222,2493,6583,8773,9555,9529,
37,7229,7174,8222,7176,6734,7845,7299,8074,9159,8569,7953,6861,3984,8081,5963,8054,7382,1408,4652,6308,7300,7482,
39,1033421,1004146,963015,954598,1029990,1039560,861339,1047483,1089388,1096632,1023826,855849,1061995,1301529,838392,889297,894183,279191,681836,867292,982038,1042312,
40,45239,43151,43844,43462,47696,43961,36773,47034,48533,51613,48183,42352,54454,84864,51183,54387,45775,11928,32947,39150,42464,44988,
41,28399,25565,25351,28208,24946,27918,21292,25670,26775,23290,23687,21430,30116,56409,33427,28350,26742,8106,17622,26924,28574,28522,
42,8062,7529,7621,6930,8544,8416,7792,7924,8996,10384,8604,6813,10628,25408,16097,12029,10209,2956,6573,7767,8511,8128,
43,26658,28050,29352,28872,30200,31358,25037,27803,29821,30489,30345,24664,36388,51417,30342,28164,26508,6130,21665,22815,24318,28254,
44,33619,28626,28716,30124,30533,28906,24875,28461,32560,28544,27495,23994,34874,60501,39366,32540,29195,9695,19943,29540,31291,34139,
45,2143,1749,1958,2212,2298,2438,1418,1905,2801,2188,2210,1809,2797,3433,1979,2002,2051,612,1850,1992,2040,2372,
46,10348,8228,7694,9169,9664,10432,8380,8876,9331,9323,8748,6542,9672,13272,8168,8481,8614,2073,7376,8543,8405,9664,
47,20503,21143,20703,21496,19271,20570,13567,21786,22882,21365,21960,18715,22737,24699,17668,20807,23152,6067,15493,18682,21699,24206,
48,50218,45591,45844,48096,43247,40362,34946,37753,46909,46969,45085,34672,56725,94353,54346,57902,58717,11919,33585,37695,44455,51400,
50,88872,84454,84212,83514,92221,87532,69408,82189,86646,78497,74928,67386,92189,147044,93361,88420,79033,24447,65415,81761,95608,96710,
52,169219,154212,150929,147919,154606,153323,126408,142166,161514,154980,148431,122793,160864,212067,136059,127589,136212,47976,121058,147384,156835,162240,
53,54498,47134,42580,43990,42820,45305,33018,34115,37122,31574,29461,25035,38670,58577,31426,30739,31924,13092,37169,42202,49139,56756,
54,32945,27438,26332,27455,26873,29799,23822,26586,28548,26340,24885,20040,20853,39563,23445,20935,22407,8251,22287,28169,28505,33979,
55,21046,16955,16909,15600,16912,20384,13224,15009,17354,16814,15354,12661,20213,38634,21631,17248,15992,5271,12499,17132,17491,21754,
56,81197,65943,61524,59605,62514,63976,50751,61475,66188,58252,54247,46776,68151,120149,73893,62256,58407,18179,45815,61568,72485,86157,
57,6997,6838,6324,6828,6906,6104,4902,9389,5382,5390,5819,5250,11413,36310,22790,21006,16660,2097,4926,7416,8244,7882,
58,1484455,1455576,1387748,1401912,1507200,1561800,1310544,1535390,1583790,1578866,1465548,1259246,1512249,1767241,1163552,1278619,1297314,348457,924405,1123317,1321366,1381641,
59,77740,70247,66061,68843,77602,73749,62872,77091,72504,65194,61844,54468,75929,84217,58720,58432,58533,19093,50807,61269,68073,80125,
60,17084341,15779558,15727603,15708348,16618867,16506405,12637917,13541170,13182085,11811421,10190690,8644286,14727054,24867993,15773076,16468303,15534118,5830710,13028133,15052200,16037951,16986696,
61,347498,310232,306181,305556,316059,323512,275781,322191,339613,337384,321639,279620,356529,403721,266386,269908,268345,88071,231825,293255,328459,347432,
62,3190,3011,2906,3469,3581,4983,2757,3430,4223,3133,3416,2974,4092,6552,3115,2705,3027,1047,2993,2326,2858,4256,
63,115090,103784,100555,107273,110041,85380,75419,96769,104205,106453,96867,82772,103285,146181,94444,96213,79796,48059,96137,102779,97460,112887,
64,252409,212480,211002,211335,216166,219087,182587,225236,243952,232805,212497,178433,224474,282530,180598,176643,177730,63713,162478,202695,222065,246225,
65,109432,114768,127619,131671,57572,0,1,0,0,0,0,0,50913,150745,93975,103943,89346,50720,104252,122259,135583,134235,
66,380330,354967,370840,380833,182743,10857,9217,12552,13299,16519,12506,10070,146259,444731,284589,299744,248016,164378,343312,386780,421131,425120,
67,104054,85709,83964,83241,86236,86369,67623,84408,83207,83134,81033,62019,83903,107744,73454,68940,65336,29526,69816,85753,89940,94508,
68,139865,128501,123480,129928,60109,6650,9010,10252,11213,11394,3175,0,59990,162254,103858,107239,87605,50339,105671,125370,134342,140580,
69,236365,210139,206240,184551,231575,155420,205886,221106,228936,215542,71981,0,82035,230919,149874,151422,137478,80688,173594,221152,230228,243609,
70,31977,31739,24955,27864,29941,18131,23571,30631,30439,26407,8198,0,9350,29699,18900,18916,18417,11665,23171,29505,29947,33322,
71,5644,6305,9174,9224,15082,13811,10985,14668,13098,11921,10297,9338,12199,9674,7321,7806,8174,3210,9615,8347,5144,5883,
73,13774,17061,25737,34200,38495,35832,28461,37049,33033,32801,24119,24612,29404,30385,19536,21503,20199,11147,27306,24660,15991,15851,
74,1081,1390,1871,2535,2712,3440,2087,3134,2421,3146,2515,1990,4086,7188,5239,5669,5344,1421,3121,2265,1176,1077,
75,148859,172869,245049,318774,391565,378732,287886,360795,346647,372820,290519,285961,350433,409487,273933,311138,284674,135144,282495,230041,145249,158750,
76,1156,1480,2039,2881,3625,3850,3103,4531,3029,3090,2356,2134,2678,2569,1906,2022,2292,793,2448,1549,1010,1296,
77,7812,8212,11905,15318,19353,18259,14243,20719,16691,16618,13406,14112,17306,16994,11327,12933,12647,7115,13776,11039,7220,7166,
78,3341,3756,5173,6696,8306,7960,6618,8228,7841,9102,7910,7860,10021,10158,6219,6530,6790,3003,7395,5907,3635,3815,
79,58723,71931,108424,136062,154810,151104,121114,152794,150984,155734,127143,119764,141126,154802,104683,108508,101689,58365,127605,100075,59750,62786,
80,4467,6197,11060,12796,17230,13786,11005,13501,14297,13383,10535,10911,12420,14107,9024,10273,9397,5403,11751,8978,5540,5775,
82,12267,16390,22435,28792,33413,31226,23303,29544,29405,28933,23312,23840,28788,32409,19823,24526,23514,11802,25790,21726,12841,14610,
84,44648,55386,79831,109768,114463,92368,61368,111856,104023,114684,88571,85925,109439,124391,77534,88407,88154,40472,90254,73264,47448,48994,
85,6730,8880,12571,17608,20149,19418,14665,19894,17957,18714,14572,14087,16637,18962,12661,11942,10912,5476,14537,13311,8147,6594,
86,8769,10307,15087,19840,22515,18746,15633,19614,18077,18482,13723,11880,15612,16904,11133,11278,10983,7492,15517,13110,8580,8542,
89,312786,305433,305700,297810,304641,289566,249690,304005,320368,306939,293555,244202,315802,373156,254284,275187,281154,82948,215403,272283,311480,327577,
90,5486,7339,8334,7571,8034,7511,6688,8557,7744,7480,3497,0,3158,8673,6775,5916,5746,2022,5007,4940,5927,7344,
91,28831,32624,35045,36439,34805,30898,26461,41446,38879,35987,35877,30847,39133,42392,28897,38519,35753,7996,20036,26900,26200,31437,
92,42274,48480,1703,2,1,1,1,3,1,3,3,4,28503,72840,50461,53452,54839,6973,35792,42544,50109,53869,
93,2924,2801,4527,6440,6531,5842,5357,6511,6133,6391,5072,5522,6174,7282,5005,4598,6101,2416,6118,3810,2500,2757,
94,9775,8681,7294,7094,7886,6918,5690,6942,8674,7827,4959,0,6411,22312,15860,17211,14609,2178,9047,9845,10825,11512,
95,4627,5189,5367,4809,5315,5377,4730,5707,6102,6514,6065,5591,7079,12079,4966,5775,5426,1373,3857,4306,4792,6049,
96,13281,15482,17312,15838,16675,16912,13364,18529,18425,19366,19924,16766,18206,27493,17958,17154,17179,4331,14006,15182,15484,16658,
97,16154,20226,20892,24298,27348,27203,21457,26677,27132,23615,10811,0,11296,29394,18303,18306,20602,6483,17627,21525,21290,22276,
99,10394,8022,0,0,0,0,0,0,0,0,0,0,6294,15247,10657,11672,12513,2553,8157,10136,11672,11437,
100,6159,4946,4739,5045,6223,5677,4091,5153,5300,4813,5201,4407,5880,7038,5781,5244,5938,1763,3913,4120,5002,5060,
101,60279,45448,9620,10097,10114,10263,7787,9563,9768,9408,4181,0,32376,88065,57044,55780,64477,18392,52033,59600,69778,73621,
102,10338,7435,0,0,0,0,0,0,0,0,0,0,4955,13278,9532,9112,8891,3716,10147,9899,12958,12007,
103,24734,26491,13904,13944,15028,16795,12773,15235,16241,13672,7385,1260,12062,32674,20662,23561,26169,6896,19668,21710,25482,24174,
104,22441,18037,5055,7745,7788,7308,5168,5633,6511,6486,2041,0,11285,29960,19630,20642,20457,6046,19543,19668,22854,22629,
106,90413,34951,4917,4608,4902,4246,3789,4953,5210,4537,3290,840,43327,129748,89073,87880,89627,25217,78224,81597,92304,111033,
107,8462,8942,9790,8867,13671,14302,9389,11826,10980,9637,10214,9065,10602,11445,6980,8146,9864,2393,8575,9454,8706,8761,
108,45457,55659,53606,51913,52075,46306,44906,55918,56481,55389,53944,27020,25111,66677,46627,49919,50016,7627,37189,46717,57388,57568,
109,35389,9334,0,0,0,0,0,0,0,0,0,0,16192,45198,28152,30568,31581,12252,36073,44382,48988,47889,
110,81675,93215,55034,49197,47290,43735,37892,51335,51577,45303,27877,2854,45393,114025,76217,77041,73388,25058,73306,85674,90789,99123,
113,17834,19167,28842,35148,49816,43850,43413,37876,41700,40118,29969,37594,42920,56977,30595,28327,31188,15090,31924,25145,17930,23124,
114,2028,2525,3829,5956,7158,7436,5184,6338,5741,4479,4681,4439,5452,5351,2733,2230,3203,2145,5441,3979,1792,2023,
115,41106,37899,59393,77477,87978,75387,58017,71250,72817,70075,55711,52319,69916,74067,45617,49125,45011,33935,65175,56179,36653,39314,
116,188731,172865,272334,346970,397727,375681,296254,353421,365093,346514,277942,269263,354384,353652,249081,267650,245115,165858,330084,270635,174134,176449,
117,274503,287794,426486,553031,638645,612089,469389,571478,578461,559963,433737,422974,548821,590051,393713,440393,399239,243873,487265,404309,269592,265866,
118,79319,72703,115660,157031,171798,151042,114861,145594,148187,138893,116104,113361,154957,179998,110289,118121,102247,69750,138769,123622,75554,81143,
119,103982,104285,149301,191669,228322,232067,173495,223148,236713,232530,183784,175263,219212,216648,160310,164531,153626,81967,170785,139790,90563,98764,
120,69974,55915,100524,137432,154265,146364,113749,140324,134582,130681,103735,91626,127445,140033,87646,90412,73143,58174,119526,98916,67234,67890,
121,132480,131844,183368,236674,285509,273248,206134,261182,269284,246047,195161,197433,260201,276020,183311,200698,175439,115778,225279,184881,118169,126196,
122,603891,612878,847986,1103965,1300763,1238033,950022,1173718,1205661,1175453,916706,880458,1149016,1261525,833471,877430,797878,484618,981430,806247,540233,569282,
123,192087,193704,276341,371235,414572,378600,288029,358783,369190,358412,279750,268473,371721,386136,234567,256952,241417,165461,325940,272213,174706,183865,
124,167718,185068,254475,301601,334264,325445,254800,330200,285155,282101,232361,238909,311971,268389,178828,189025,175172,119295,265296,238347,160293,158725,
125,41465,37165,59087,79112,88906,83750,63490,80855,76481,71426,57130,55917,77600,77548,53713,55868,52352,32385,70689,60999,39984,42784,
126,74528,70696,105501,140454,153113,141206,112619,139911,139805,132130,105751,102385,137518,137406,87146,97773,91715,67331,132448,107967,69321,73830,
127,753,1090,1812,2272,4493,2600,3201,2991,3118,3541,2737,2644,3045,3663,2671,2278,2632,1057,1920,1507,521,660,
128,575,900,1446,2120,2685,1733,1592,2163,1903,1792,1513,1670,2088,2898,1921,2269,2449,570,1324,1237,405,628,
129,304,240,383,536,994,896,578,894,774,737,886,849,960,1126,695,454,834,136,436,416,331,313,
130,371,492,723,880,2133,2432,1341,1193,975,1067,792,781,833,1072,594,404,700,431,1474,1016,360,349,
131,1269,1397,1665,2707,4924,3741,3418,2772,2187,2965,1861,1987,2248,3527,2686,2292,2208,818,2245,1934,1269,1121,
132,773,1160,1742,2684,3494,1480,2100,2738,1948,2704,2388,2343,2446,2937,1332,961,2072,715,2027,1564,881,714,
133,5948,6125,7873,12963,16791,7750,13013,14633,15256,14329,11705,11171,15274,16706,9623,6013,10109,6084,13641,10537,5956,5453,
134,1194,1668,2456,4177,8563,3166,4230,4468,4053,4634,3473,3261,4399,5241,3706,4657,3588,1169,3561,2485,1418,1271,
137,2745,2930,3681,6448,8865,8050,5213,6838,6110,6961,6189,6301,6995,9677,5168,5108,4131,2210,3837,3517,1884,2929,
138,221803,219686,303973,376807,472711,443968,344869,425398,443374,440282,329125,320659,395896,465265,310361,329014,302729,173041,347859,287640,198803,213528,
139,24115,25699,38931,49593,63989,62735,44902,52114,56511,62345,46639,48546,52285,63463,40226,38044,33045,17476,42229,34222,18696,21975,
140,92965,91206,132997,175713,203420,187020,136893,174655,170730,166877,134569,131829,164908,188573,129249,133508,121099,76332,153810,128542,84319,88491,
141,65156,63747,67628,71298,78678,73649,56960,66237,68965,64791,55274,48231,59128,67321,46255,47113,43883,30028,71305,70707,65468,69627,
142,145006,131363,122835,123210,111061,110989,89381,105368,111693,99261,87316,75072,89359,106453,68582,71747,71185,31261,96058,117643,135985,150351,
143,379081,349976,339543,333313,317602,319608,261559,315344,324109,290899,268664,222905,303884,340886,218270,241608,242140,77875,255851,326101,356228,393403,
144,384343,396953,535702,706190,869241,829012,624131,770540,818685,811914,612274,618678,777450,904515,616823,618361,572011,293690,599177,477141,329992,368807,
145,15724,14354,20034,28303,31038,29547,23769,27127,29265,29291,24012,24477,25447,31101,20602,21765,20593,12859,26364,19945,11655,15315,
146,62602,68871,101447,136606,153789,139753,109857,133624,141200,127646,105708,99042,127322,126504,88696,98908,90193,54986,113808,92041,57000,64926,
147,4738,4379,7035,9524,10930,10664,8709,10402,9408,9074,7693,6703,8245,10213,6603,6745,6548,3593,7807,6034,4404,4548,
148,26115,25446,36107,47639,55338,49411,38867,46264,44135,43680,33049,31562,44675,54267,33117,32609,29547,22263,43714,36377,23511,26144,
149,28532,29824,41204,50898,58551,52862,42725,51293,47044,46527,38138,36371,44542,52702,32402,34104,30829,22692,48179,38030,24950,24589,
150,147301,154436,218658,283036,334130,317712,245777,317825,317675,312914,236009,230811,291616,301685,225877,230162,218880,114811,241289,193156,128464,138976,
151,40356,42909,63005,84899,94213,96793,70339,90410,83084,82835,62811,60773,87928,95254,69923,72344,62859,37286,80875,62724,38671,40589,
152,2605,2978,4088,4948,6553,5461,3927,5170,7035,6882,4270,4405,6070,6412,2975,3815,3546,2165,4474,3442,2886,2963,
153,24782,25033,36879,46412,47630,44526,27365,29135,37308,41858,34455,33656,42508,51091,32430,30008,29007,20397,43272,34213,20909,23778,
154,89367,98903,142894,199116,234109,211735,164173,208332,199996,203468,154593,140968,182316,220493,142833,149185,144885,74718,157236,136789,86742,88199,
155,33563,35720,54743,75394,79716,72339,58862,73966,67395,64698,48696,45824,60861,64064,40812,38238,39591,26260,53363,44283,30593,32670,
156,42925,48186,67894,95614,102598,96067,77122,94034,94300,91888,74430,67661,83558,89909,56831,61661,52402,33236,76089,60885,37241,41830,
157,746,846,1389,1897,2500,1922,1697,1915,1935,1672,1409,1294,3863,6293,4821,4723,4262,835,1894,1496,630,863,
158,5803,7235,10464,15462,16082,14368,11437,12740,14030,13331,10173,9686,12478,13141,8334,8996,7894,5219,11699,8343,5745,6135,
159,32429,37442,46543,69740,74735,77256,61619,80682,81411,78583,61099,54223,71281,87954,50698,52510,50327,30106,62351,49690,32241,36787,
160,18961,26748,41364,56537,66057,57516,45842,58464,56321,55266,42466,38798,48045,53966,35742,44747,41575,23936,49096,36610,22972,20963,
161,562,804,1077,1470,1876,1463,928,1104,1432,182,1264,991,1251,1020,737,843,1148,561,2273,1209,807,577,
162,11682,14225,19376,29014,36772,34367,28835,35789,35109,33417,27044,26059,34066,31514,24740,36362,31825,12058,33085,23109,13744,13352,
163,2891,3427,2164,5854,7240,7992,6267,6844,6927,7446,5679,5254,6748,7432,4476,5047,4948,2492,7911,4721,2878,3282,
164,4157,4784,6801,9881,11494,10465,8945,10566,10814,9328,7432,6785,8968,8967,6043,6082,5670,4484,9163,7105,4479,4108,
165,64816,81807,115296,145811,175507,167140,127728,159052,152780,156801,121069,120024,155740,182776,116730,124970,129817,62831,132155,110013,71392,72385,
166,15139,17471,26202,37612,40364,37432,28240,31703,34171,32229,25843,23520,28426,33579,19543,22523,19311,13897,31753,25272,17381,17251,
167,521336,488822,473632,470771,519562,518282,430937,506233,523244,507858,450587,395820,490306,564356,361681,379979,394510,135345,354802,434766,491948,471926,
168,219838,213183,213873,214558,221473,227671,186282,224056,240934,225327,210683,185829,234241,272013,185099,193137,193006,58957,157386,197949,227133,224329,
169,93296,78372,77289,77045,78952,79539,60109,74108,75066,71884,63731,55451,74833,82017,50155,50164,51196,25410,58298,74465,84315,90255,
170,14766,10069,11009,12171,12786,12715,9397,11582,12628,10769,10238,8536,11260,12712,7677,7909,8187,3693,10414,13629,12990,15128,
171,88900,74866,72272,73622,68570,62528,51917,61482,62423,60385,55246,46712,72986,106398,74459,71178,69622,24880,50854,68120,82170,88706,
172,304546,250810,249278,240944,244905,252868,214089,247866,251468,242622,219349,188133,257789,345387,233491,232295,230855,81388,212403,247175,270624,305515,
173,189284,155467,148505,142887,151251,149054,124274,136790,149228,136579,130130,107783,140495,200549,126857,122932,130121,44079,109809,136157,158582,181684,
174,232847,219703,216005,210270,221421,228683,188440,224011,229334,226319,210435,181776,242678,322921,210395,194255,194499,54081,146196,183019,207088,214548,
175,97986,92804,93958,85232,93504,91026,82015,92379,85950,88074,88116,72985,91377,127592,86154,89795,97452,27600,74186,86630,96510,89483,
176,5738,4717,3650,5417,4762,5392,4617,6015,5824,6640,6571,5639,7938,14830,8673,9757,8454,1639,5241,4636,4659,7049,
177,6094,5522,5661,5915,5838,5608,3976,6217,5755,5763,5440,3969,6049,8106,4904,5278,5362,1884,5723,5993,6580,7609,
178,51335,47536,51633,49809,54310,50763,44050,51001,56953,49508,49815,42752,59165,76053,49681,49650,47816,15158,37317,47423,53044,62751,
179,65853,63844,64036,63500,61186,63523,55208,63234,65007,62031,61899,54618,67390,73732,43396,46304,48238,16559,49049,57436,64921,67541,
180,8777,8047,8194,8680,8101,7118,7051,7022,8020,7610,7855,6752,8616,10748,6524,6925,6561,2187,6323,8085,8369,9090,
181,19365,14587,14165,14440,13895,14334,12127,13221,13989,12453,11110,9433,14625,24520,14278,12239,12677,4614,13106,16107,16203,19267,
182,393890,375100,369238,374647,412144,291917,352763,385051,395803,383913,138211,18628,159862,394891,258868,265697,259976,135060,302188,372807,386293,395513,
183,120745,115904,115098,119235,66498,17127,20549,24343,24463,24468,8047,0,43043,113258,71619,78853,65899,45661,97083,124482,130228,129133,
184,66434,61018,60711,64676,31990,0,0,1,0,0,0,0,26482,70934,45890,53125,40567,31500,67554,87671,77091,68950,
185,64402,58195,91048,115807,124674,107297,93260,115140,113374,102493,77303,71313,96917,104906,68080,74186,71016,48284,99557,86292,56965,62271,
186,158560,139842,135736,139745,140049,138817,109976,141659,142207,120893,117223,103274,152347,195818,128246,142338,143653,44928,151199,143690,148856,178758,
187,149504,144741,140266,135851,142323,106618,125091,135022,135688,134526,43360,0,47114,131864,87482,86179,79076,53750,116929,137742,141035,152274,
188,18269,18224,21589,23367,18333,12726,13902,15194,15213,12962,3489,0,5524,12394,7654,9691,8312,7924,15567,17907,18528,18397,
189,20624,17477,17664,20673,18192,13035,15836,17479,16437,16045,5853,0,7121,18563,14671,12103,11488,6919,14801,18997,18483,20046,
190,375187,348493,338601,335733,382192,300216,289340,378950,393411,204731,0,0,139208,372867,243377,264144,248600,164852,362629,345734,350691,350626,
191,36734,33567,32474,32667,37149,27917,28655,37887,38356,17013,0,0,18441,50943,31048,32392,33158,13521,35666,33065,36817,34676,
192,380512,334155,318999,317468,358558,281169,265346,340720,345688,302967,248193,214197,269217,350731,231025,234884,220435,158146,344755,330559,354241,374616,
193,125202,105620,108356,103260,101777,107095,90367,104060,111118,100709,95244,79360,106256,111912,73803,76220,78225,32415,83233,106306,106771,121541,
194,241050,217707,208287,199616,212765,176726,168513,219171,214567,115315,1,5,95289,255106,157663,168438,149714,103652,211781,215104,234831,240460,
195,31731,32104,29040,29944,29140,22599,18291,30906,16294,13212,0,0,9999,32595,26276,22010,21219,6752,29589,31758,29424,33331,
196,103695,92601,91529,95446,104949,86106,79458,99592,101181,59032,10011,9305,47441,102737,71386,75500,68014,49786,107472,103403,105957,110462,
197,88283,79063,76585,78552,89577,66400,67051,86683,81115,44035,4215,4266,33969,91551,59873,63119,60391,39807,87028,82843,79153,89333,
198,506004,425269,419934,407763,468853,389253,378708,456304,464256,450265,423904,387091,446257,545098,341462,309947,295001,241381,448916,404637,446750,485446,
199,3066,3505,5025,6168,8118,8905,5885,8378,8361,8135,6140,6888,8776,10538,7456,6130,7087,2826,7284,4658,3021,2769,
200,34209,33257,51952,70297,81847,77827,59716,80909,77770,78683,59502,59735,77069,83557,60482,61230,63316,30521,66846,52973,29277,31700,
201,3844,3412,6054,7887,8823,8647,7552,8660,8704,8910,7340,6854,9061,10077,6913,7160,7233,3613,8466,6123,3887,4062,
202,2259,2371,3833,5075,4652,4842,4463,5289,5035,5086,4439,4428,5475,6969,4709,4525,5303,1865,5006,3512,2097,2423,
203,1844,2001,3144,4571,4467,5344,1270,4320,4431,4922,3751,3776,3756,4664,3013,3233,3147,1856,4687,3350,1748,1476,
204,720,1006,3214,4658,5040,5049,4185,5059,5004,4809,4015,4275,4835,5771,3339,3331,3619,1724,4236,3278,2775,618,
205,10985,9605,12961,17179,20630,17922,17432,21114,22794,24005,17473,16647,22338,26645,15796,15124,15465,6720,14570,12160,8047,8859,
206,735,1422,2036,2254,2497,2760,1912,3336,2162,2488,1851,2082,2725,3245,1758,1772,1380,764,2535,1821,1028,829,
207,12233,11966,17612,23195,25989,25590,21123,30104,20083,8413,24407,23817,25846,27603,25165,25493,20661,8311,21044,16621,10317,11300,
208,2555,3207,4196,5891,6973,6381,4796,6233,6602,6155,5241,7184,7441,7715,5087,5059,5537,2265,5208,4068,2052,2799,
209,26843,31077,36378,40851,41373,44107,37147,48282,43845,44087,44087,41378,52401,55677,37657,38299,41250,13277,32082,35959,29975,32025,
210,2732,2616,2646,4559,5397,5625,4826,2990,4120,0,3427,5487,5157,7488,5682,5927,5789,2091,5294,4164,2380,2546,
211,12402,13167,19156,26054,28486,28521,20653,30532,28829,30711,23720,25203,31328,35449,25191,23479,25411,9519,20778,17484,11525,12291,
212,197585,190909,189115,185884,202984,201390,165014,194185,214496,198539,199608,170525,214049,240053,163750,182321,184646,55379,140725,186419,195662,194037,
213,7250,6917,7341,7449,6989,7351,5856,7532,7585,8253,7265,6904,8908,11871,8159,7589,7304,2322,5602,6894,7327,8061,
214,10455,10240,10777,11016,10952,11483,9114,10642,11528,12169,11794,10139,13015,15808,12565,11006,11465,3007,8481,9556,10439,10562,
215,6341,5677,6381,6370,7155,8631,6370,7555,8230,7024,7838,7639,10655,10462,6674,7968,7020,1860,5002,6284,7095,7869,
216,22290,19816,20073,19284,19408,21264,17382,21216,22741,20979,21493,20262,29734,37873,24606,24601,25128,5893,15500,18143,21022,22701,
217,7312,6560,6687,6695,5726,6687,5380,8040,7297,6145,7159,7786,9658,10754,7418,6986,7232,1871,5889,6277,6841,7171,
218,12177,11123,11284,10308,14027,15390,11723,14855,14800,12382,12972,12549,15563,17857,11056,12278,15028,3414,11048,12067,12294,13761,
219,12493,11568,11213,11929,11729,11892,9637,5675,11336,9732,9754,9027,11458,11939,7153,8409,9970,3725,10241,10633,10722,11732,
220,22928,20805,21104,19863,21918,22621,17899,36551,27444,19629,18794,16216,21798,22661,14158,19432,19811,5913,20094,23056,22176,25633,
222,21736,9878,16969,14662,14275,14529,11782,10844,17235,8868,14738,15288,16630,20111,11329,11981,12864,5286,14560,16923,16845,20508,
223,29231,29824,28242,25471,26853,25956,21362,27625,26463,27062,27116,21427,27908,32849,24186,25216,22113,7257,21604,24435,27660,26424,
224,16500,15761,14845,15461,13749,14976,12235,15809,15651,14348,13190,11319,16184,21713,15290,16849,14093,4776,12310,15621,13821,16076,
225,34780,29828,27394,29214,29637,29285,21478,27776,29883,29356,25614,21888,30617,40771,25687,25537,21669,9580,23014,26263,30097,35403,
226,5087,4674,4622,4609,3966,5064,4124,5187,5464,4717,4811,4301,5701,5294,3129,4358,4250,1299,3356,3773,4613,4748,
227,49460,47109,42473,43215,44929,47817,39060,46142,53101,46034,45968,42009,53477,57066,39831,40932,37825,14080,37885,45587,50041,50466,
228,66705,55393,55669,57927,62189,64707,51953,66416,69050,71898,58756,62998,76064,98443,57849,67069,63388,19702,50126,59724,62475,67324,
229,30067,31307,47152,66086,75755,81881,70783,90253,76949,81976,62512,62591,79777,86637,61202,60247,63046,26256,61418,48148,28235,30040,
230,4019,4014,5379,8316,9089,8046,6584,8480,7968,8833,7179,7235,8668,8629,5799,6311,6339,3502,6536,5449,3263,3536,
231,57175,44036,40667,42800,52598,37627,36371,47823,55784,22730,0,0,19819,59929,36135,33091,28638,23983,42236,47757,56523,98335,
232,60469,53584,60246,54661,58242,60749,50297,57646,56957,58188,51902,43517,55929,75252,44754,44878,50276,17470,47203,52780,59489,57572,
233,177889,139718,147132,150527,153464,150741,139757,146472,153479,146863,124327,105921,150035,173757,109243,119799,112623,45882,130718,141551,192542,184272,
234,12826,9118,10875,11552,11811,10662,8504,11715,12391,12475,11794,10417,12376,13305,8809,9497,9830,2920,7825,9970,12422,13612,
235,98320,84276,85173,82047,83452,81851,63983,84908,83953,77135,71483,59510,76647,90737,58306,55442,57024,26434,70022,88983,88969,98227,
236,4331,5502,7555,10773,11691,11850,8318,10739,10387,8752,7181,7263,9734,9245,6239,6700,6450,4069,9313,6611,4843,4996,
237,88427,101952,141574,191478,233592,220092,163290,203762,217782,214721,169195,160364,197730,219264,145487,160351,138332,81531,164406,129671,87633,94067,
238,3515,3560,5054,6932,8787,4418,7714,7884,3782,8167,6730,5798,6896,8122,5063,3250,5528,2539,6914,5696,3660,3086,
240,17639,19747,26608,36608,44494,27799,38770,43349,44135,43686,37818,36400,46450,51682,26880,18015,33662,15144,33836,30536,16891,19345,
241,506,890,1672,1743,3383,3319,1991,2406,1638,2471,1434,1409,1716,2586,1275,1621,1718,648,2297,1534,694,821,
242,35130,34645,50610,70504,87236,88818,70998,77215,83139,84262,67574,64482,76482,90814,59343,66363,62434,29260,62406,51618,30592,32240,
243,8888,10219,14744,20594,23649,23715,18786,22378,21732,24235,17150,16676,19571,24669,15850,15157,14658,8712,21788,15667,9195,9828,
244,1934,2103,3988,5241,5809,5565,4304,5588,4754,4185,3112,3486,4516,5199,2639,2877,2340,1756,3649,2741,1499,1716,
246,2805,2490,3262,2805,2655,2259,2988,5600,4395,3028,3609,1381,2437,4935,3368,2860,3149,502,3501,2972,2710,3083,
247,11680,14176,20030,28456,30189,27982,20477,25292,22017,23117,19456,17601,22029,21871,10621,13656,12817,9584,20767,17742,11992,11152,
248,38434,45232,67482,89546,108999,95861,86458,115123,104522,104054,80096,76994,97479,111381,73533,72270,67430,36499,79312,62032,36920,44337,
249,26245,26967,25280,26085,26463,26640,21748,26167,26851,25642,19350,20186,25120,43173,23097,22213,20177,8114,21528,26869,27251,30531,
250,302710,273083,258009,255603,280006,278094,232246,265284,284710,271280,246314,211149,271158,373150,243444,241888,241706,81957,196883,234638,279932,309411,
251,10974,10374,9725,8958,9724,6456,8808,10212,10980,10832,3713,0,3928,12542,6906,7313,6313,4734,9356,10059,10647,11414,
252,39598,37759,38593,38209,42496,39344,31404,37810,40243,37661,35524,30566,38741,44805,32187,31265,34827,9659,29484,33423,35748,40633,
253,55883,52431,53219,53781,59290,59885,48553,60705,60535,58978,56427,45417,57921,71445,46705,52364,55019,14978,37598,47281,47727,55419,
254,18995,20658,30352,40587,45195,45491,37040,42899,45213,47878,36426,32144,32163,44033,33577,34657,31354,16611,39870,28202,17132,18709,
255,331169,285128,270763,273232,287550,292583,241285,289994,304895,289094,272803,224895,285250,338590,218481,236186,231482,78312,210491,248768,280452,319057,